source,cadence,name,mjd,date1,date2,n_inputs,gamma,E0_TeV,F0,F0_err,F0_order,N0,N0_err,TS,fit_status,fit_log_status,old_excess_rate,mapfile,parres,log
M87,week,2021-03-08_2021-03-14,59284.50000000,2021-03-08,2021-03-14,1,2.6,3.0,0.06031,0.05934,1e-12,6.03100000e-14,5.93400000e-14,1.16,OK,OK,,/eos/user/l/liushijie/Skymap/2021-03-08_2026-03-29_week/Loop0_2021-03-08_2021-03-14.root,/home/lhaaso/liushijie/QPO/JOBs_flux_strict_agn_week/fits/M87/week/2021-03-08_2021-03-14/out/ParRes.yaml,/home/lhaaso/liushijie/QPO/JOBs_flux_strict_agn_week/fits/M87/week/2021-03-08_2021-03-14/fit.log
M87,week,2021-03-15_2021-03-21,59291.50000000,2021-03-15,2021-03-21,1,2.6,3.0,0.01751,0.06341,1e-12,1.75100000e-14,6.34100000e-14,0.08,OK,OK,,/eos/user/l/liushijie/Skymap/2021-03-08_2026-03-29_week/Loop1_2021-03-15_2021-03-21.root,/home/lhaaso/liushijie/QPO/JOBs_flux_strict_agn_week/fits/M87/week/2021-03-15_2021-03-21/out/ParRes.yaml,/home/lhaaso/liushijie/QPO/JOBs_flux_strict_agn_week/fits/M87/week/2021-03-15_2021-03-21/fit.log
M87,week,2021-03-22_2021-03-28,59298.50000000,2021-03-22,2021-03-28,1,2.6,3.0,0.06244,0.04806,1e-12,6.24400000e-14,4.80600000e-14,1.99,OK,OK,,/eos/user/l/liushijie/Skymap/2021-03-08_2026-03-29_week/Loop2_2021-03-22_2021-03-28.root,/home/lhaaso/liushijie/QPO/JOBs_flux_strict_agn_week/fits/M87/week/2021-03-22_2021-03-28/out/ParRes.yaml,/home/lhaaso/liushijie/QPO/JOBs_flux_strict_agn_week/fits/M87/week/2021-03-22_2021-03-28/fit.log
M87,week,2021-03-29_2021-04-04,59305.50000000,2021-03-29,2021-04-04,1,2.6,3.0,0,0.04605,1e-12,0.00000000e+00,4.60500000e-14,-0,OK,OK,,/eos/user/l/liushijie/Skymap/2021-03-08_2026-03-29_week/Loop3_2021-03-29_2021-04-04.root,/home/lhaaso/liushijie/QPO/JOBs_flux_strict_agn_week/fits/M87/week/2021-03-29_2021-04-04/out/ParRes.yaml,/home/lhaaso/liushijie/QPO/JOBs_flux_strict_agn_week/fits/M87/week/2021-03-29_2021-04-04/fit.log
M87,week,2021-04-05_2021-04-11,59312.50000000,2021-04-05,2021-04-11,1,2.6,3.0,0,0.05859,1e-12,0.00000000e+00,5.85900000e-14,-0,OK,OK,,/eos/user/l/liushijie/Skymap/2021-03-08_2026-03-29_week/Loop4_2021-04-05_2021-04-11.root,/home/lhaaso/liushijie/QPO/JOBs_flux_strict_agn_week/fits/M87/week/2021-04-05_2021-04-11/out/ParRes.yaml,/home/lhaaso/liushijie/QPO/JOBs_flux_strict_agn_week/fits/M87/week/2021-04-05_2021-04-11/fit.log
M87,week,2021-04-12_2021-04-18,59319.50000000,2021-04-12,2021-04-18,1,2.6,3.0,0,0.11445,1e-12,0.00000000e+00,1.14450000e-13,-0,OK,OK,,/eos/user/l/liushijie/Skymap/2021-03-08_2026-03-29_week/Loop5_2021-04-12_2021-04-18.root,/home/lhaaso/liushijie/QPO/JOBs_flux_strict_agn_week/fits/M87/week/2021-04-12_2021-04-18/out/ParRes.yaml,/home/lhaaso/liushijie/QPO/JOBs_flux_strict_agn_week/fits/M87/week/2021-04-12_2021-04-18/fit.log
M87,week,2021-04-19_2021-04-25,59326.50000000,2021-04-19,2021-04-25,1,2.6,3.0,0.0849,0.06198,1e-12,8.49000000e-14,6.19800000e-14,2.14,OK,OK,,/eos/user/l/liushijie/Skymap/2021-03-08_2026-03-29_week/Loop6_2021-04-19_2021-04-25.root,/home/lhaaso/liushijie/QPO/JOBs_flux_strict_agn_week/fits/M87/week/2021-04-19_2021-04-25/out/ParRes.yaml,/home/lhaaso/liushijie/QPO/JOBs_flux_strict_agn_week/fits/M87/week/2021-04-19_2021-04-25/fit.log
M87,week,2021-04-26_2021-05-02,59333.50000000,2021-04-26,2021-05-02,1,2.6,3.0,0,0.33209,1e-12,0.00000000e+00,3.32090000e-13,-0,OK,OK,,/eos/user/l/liushijie/Skymap/2021-03-08_2026-03-29_week/Loop7_2021-04-26_2021-05-02.root,/home/lhaaso/liushijie/QPO/JOBs_flux_strict_agn_week/fits/M87/week/2021-04-26_2021-05-02/out/ParRes.yaml,/home/lhaaso/liushijie/QPO/JOBs_flux_strict_agn_week/fits/M87/week/2021-04-26_2021-05-02/fit.log
M87,week,2021-05-03_2021-05-09,59340.50000000,2021-05-03,2021-05-09,1,2.6,3.0,0.09458,0.05756,1e-12,9.45800000e-14,5.75600000e-14,3.28,OK,OK,,/eos/user/l/liushijie/Skymap/2021-03-08_2026-03-29_week/Loop8_2021-05-03_2021-05-09.root,/home/lhaaso/liushijie/QPO/JOBs_flux_strict_agn_week/fits/M87/week/2021-05-03_2021-05-09/out/ParRes.yaml,/home/lhaaso/liushijie/QPO/JOBs_flux_strict_agn_week/fits/M87/week/2021-05-03_2021-05-09/fit.log
M87,week,2021-05-10_2021-05-16,59347.50000000,2021-05-10,2021-05-16,1,2.6,3.0,0.00656,0.07184,1e-12,6.56000000e-15,7.18400000e-14,0.02,OK,OK,,/eos/user/l/liushijie/Skymap/2021-03-08_2026-03-29_week/Loop9_2021-05-10_2021-05-16.root,/home/lhaaso/liushijie/QPO/JOBs_flux_strict_agn_week/fits/M87/week/2021-05-10_2021-05-16/out/ParRes.yaml,/home/lhaaso/liushijie/QPO/JOBs_flux_strict_agn_week/fits/M87/week/2021-05-10_2021-05-16/fit.log
M87,week,2021-05-17_2021-05-23,59354.50000000,2021-05-17,2021-05-23,1,2.6,3.0,0.01044,0.04025,1e-12,1.04400000e-14,4.02500000e-14,0.07,OK,OK,,/eos/user/l/liushijie/Skymap/2021-03-08_2026-03-29_week/Loop10_2021-05-17_2021-05-23.root,/home/lhaaso/liushijie/QPO/JOBs_flux_strict_agn_week/fits/M87/week/2021-05-17_2021-05-23/out/ParRes.yaml,/home/lhaaso/liushijie/QPO/JOBs_flux_strict_agn_week/fits/M87/week/2021-05-17_2021-05-23/fit.log
M87,week,2021-05-24_2021-05-30,59361.50000000,2021-05-24,2021-05-30,1,2.6,3.0,0.07068,0.04996,1e-12,7.06800000e-14,4.99600000e-14,2.45,OK,OK,,/eos/user/l/liushijie/Skymap/2021-03-08_2026-03-29_week/Loop11_2021-05-24_2021-05-30.root,/home/lhaaso/liushijie/QPO/JOBs_flux_strict_agn_week/fits/M87/week/2021-05-24_2021-05-30/out/ParRes.yaml,/home/lhaaso/liushijie/QPO/JOBs_flux_strict_agn_week/fits/M87/week/2021-05-24_2021-05-30/fit.log
M87,week,2021-05-31_2021-06-06,59368.50000000,2021-05-31,2021-06-06,1,2.6,3.0,0.00531,0.09003,1e-12,5.31000000e-15,9.00300000e-14,0.01,OK,OK,,/eos/user/l/liushijie/Skymap/2021-03-08_2026-03-29_week/Loop12_2021-05-31_2021-06-06.root,/home/lhaaso/liushijie/QPO/JOBs_flux_strict_agn_week/fits/M87/week/2021-05-31_2021-06-06/out/ParRes.yaml,/home/lhaaso/liushijie/QPO/JOBs_flux_strict_agn_week/fits/M87/week/2021-05-31_2021-06-06/fit.log
M87,week,2021-06-07_2021-06-13,59375.50000000,2021-06-07,2021-06-13,1,2.6,3.0,0,0.05515,1e-12,0.00000000e+00,5.51500000e-14,-0,OK,OK,,/eos/user/l/liushijie/Skymap/2021-03-08_2026-03-29_week/Loop13_2021-06-07_2021-06-13.root,/home/lhaaso/liushijie/QPO/JOBs_flux_strict_agn_week/fits/M87/week/2021-06-07_2021-06-13/out/ParRes.yaml,/home/lhaaso/liushijie/QPO/JOBs_flux_strict_agn_week/fits/M87/week/2021-06-07_2021-06-13/fit.log
M87,week,2021-06-14_2021-06-20,59382.50000000,2021-06-14,2021-06-20,1,2.6,3.0,0,0.02935,1e-12,0.00000000e+00,2.93500000e-14,-0,OK,OK,,/eos/user/l/liushijie/Skymap/2021-03-08_2026-03-29_week/Loop14_2021-06-14_2021-06-20.root,/home/lhaaso/liushijie/QPO/JOBs_flux_strict_agn_week/fits/M87/week/2021-06-14_2021-06-20/out/ParRes.yaml,/home/lhaaso/liushijie/QPO/JOBs_flux_strict_agn_week/fits/M87/week/2021-06-14_2021-06-20/fit.log
M87,week,2021-06-21_2021-06-27,59389.50000000,2021-06-21,2021-06-27,1,2.6,3.0,0,0.03422,1e-12,0.00000000e+00,3.42200000e-14,-0,OK,OK,,/eos/user/l/liushijie/Skymap/2021-03-08_2026-03-29_week/Loop15_2021-06-21_2021-06-27.root,/home/lhaaso/liushijie/QPO/JOBs_flux_strict_agn_week/fits/M87/week/2021-06-21_2021-06-27/out/ParRes.yaml,/home/lhaaso/liushijie/QPO/JOBs_flux_strict_agn_week/fits/M87/week/2021-06-21_2021-06-27/fit.log
M87,week,2021-06-28_2021-07-04,59396.50000000,2021-06-28,2021-07-04,1,2.6,3.0,0,0.06989,1e-12,0.00000000e+00,6.98900000e-14,-0,OK,OK,,/eos/user/l/liushijie/Skymap/2021-03-08_2026-03-29_week/Loop16_2021-06-28_2021-07-04.root,/home/lhaaso/liushijie/QPO/JOBs_flux_strict_agn_week/fits/M87/week/2021-06-28_2021-07-04/out/ParRes.yaml,/home/lhaaso/liushijie/QPO/JOBs_flux_strict_agn_week/fits/M87/week/2021-06-28_2021-07-04/fit.log
M87,week,2021-07-05_2021-07-11,59403.50000000,2021-07-05,2021-07-11,1,2.6,3.0,0,0.05952,1e-12,0.00000000e+00,5.95200000e-14,-0,OK,OK,,/eos/user/l/liushijie/Skymap/2021-03-08_2026-03-29_week/Loop17_2021-07-05_2021-07-11.root,/home/lhaaso/liushijie/QPO/JOBs_flux_strict_agn_week/fits/M87/week/2021-07-05_2021-07-11/out/ParRes.yaml,/home/lhaaso/liushijie/QPO/JOBs_flux_strict_agn_week/fits/M87/week/2021-07-05_2021-07-11/fit.log
M87,week,2021-07-12_2021-07-18,59410.50000000,2021-07-12,2021-07-18,1,2.6,3.0,0.07905,0.0635,1e-12,7.90500000e-14,6.35000000e-14,1.82,OK,OK,,/eos/user/l/liushijie/Skymap/2021-03-08_2026-03-29_week/Loop18_2021-07-12_2021-07-18.root,/home/lhaaso/liushijie/QPO/JOBs_flux_strict_agn_week/fits/M87/week/2021-07-12_2021-07-18/out/ParRes.yaml,/home/lhaaso/liushijie/QPO/JOBs_flux_strict_agn_week/fits/M87/week/2021-07-12_2021-07-18/fit.log
M87,week,2021-07-19_2021-07-25,59417.50000000,2021-07-19,2021-07-25,1,2.6,3.0,0.10537,0.05651,1e-12,1.05370000e-13,5.65100000e-14,4.53,OK,OK,,/eos/user/l/liushijie/Skymap/2021-03-08_2026-03-29_week/Loop19_2021-07-19_2021-07-25.root,/home/lhaaso/liushijie/QPO/JOBs_flux_strict_agn_week/fits/M87/week/2021-07-19_2021-07-25/out/ParRes.yaml,/home/lhaaso/liushijie/QPO/JOBs_flux_strict_agn_week/fits/M87/week/2021-07-19_2021-07-25/fit.log
M87,week,2021-07-26_2021-08-01,59424.50000000,2021-07-26,2021-08-01,1,2.6,3.0,0.0559,0.05868,1e-12,5.59000000e-14,5.86800000e-14,1.23,OK,OK,,/eos/user/l/liushijie/Skymap/2021-03-08_2026-03-29_week/Loop20_2021-07-26_2021-08-01.root,/home/lhaaso/liushijie/QPO/JOBs_flux_strict_agn_week/fits/M87/week/2021-07-26_2021-08-01/out/ParRes.yaml,/home/lhaaso/liushijie/QPO/JOBs_flux_strict_agn_week/fits/M87/week/2021-07-26_2021-08-01/fit.log
M87,week,2021-08-02_2021-08-08,59431.50000000,2021-08-02,2021-08-08,1,2.6,3.0,0,0.0158,1e-12,0.00000000e+00,1.58000000e-14,-0,OK,OK,,/eos/user/l/liushijie/Skymap/2021-03-08_2026-03-29_week/Loop21_2021-08-02_2021-08-08.root,/home/lhaaso/liushijie/QPO/JOBs_flux_strict_agn_week/fits/M87/week/2021-08-02_2021-08-08/out/ParRes.yaml,/home/lhaaso/liushijie/QPO/JOBs_flux_strict_agn_week/fits/M87/week/2021-08-02_2021-08-08/fit.log
M87,week,2021-08-09_2021-08-15,59438.50000000,2021-08-09,2021-08-15,1,2.6,3.0,0.08054,0.04704,1e-12,8.05400000e-14,4.70400000e-14,3.82,OK,OK,,/eos/user/l/liushijie/Skymap/2021-03-08_2026-03-29_week/Loop22_2021-08-09_2021-08-15.root,/home/lhaaso/liushijie/QPO/JOBs_flux_strict_agn_week/fits/M87/week/2021-08-09_2021-08-15/out/ParRes.yaml,/home/lhaaso/liushijie/QPO/JOBs_flux_strict_agn_week/fits/M87/week/2021-08-09_2021-08-15/fit.log
M87,week,2021-08-16_2021-08-22,59445.50000000,2021-08-16,2021-08-22,1,2.6,3.0,0.04834,0.04744,1e-12,4.83400000e-14,4.74400000e-14,1.23,OK,OK,,/eos/user/l/liushijie/Skymap/2021-03-08_2026-03-29_week/Loop23_2021-08-16_2021-08-22.root,/home/lhaaso/liushijie/QPO/JOBs_flux_strict_agn_week/fits/M87/week/2021-08-16_2021-08-22/out/ParRes.yaml,/home/lhaaso/liushijie/QPO/JOBs_flux_strict_agn_week/fits/M87/week/2021-08-16_2021-08-22/fit.log
M87,week,2021-08-23_2021-08-29,59452.50000000,2021-08-23,2021-08-29,1,2.6,3.0,0.06459,0.05177,1e-12,6.45900000e-14,5.17700000e-14,1.85,OK,OK,,/eos/user/l/liushijie/Skymap/2021-03-08_2026-03-29_week/Loop24_2021-08-23_2021-08-29.root,/home/lhaaso/liushijie/QPO/JOBs_flux_strict_agn_week/fits/M87/week/2021-08-23_2021-08-29/out/ParRes.yaml,/home/lhaaso/liushijie/QPO/JOBs_flux_strict_agn_week/fits/M87/week/2021-08-23_2021-08-29/fit.log
M87,week,2021-08-30_2021-09-05,59459.50000000,2021-08-30,2021-09-05,1,2.6,3.0,2e-05,0.13086,1e-12,2.00000000e-17,1.30860000e-13,-0,OK,OK,,/eos/user/l/liushijie/Skymap/2021-03-08_2026-03-29_week/Loop25_2021-08-30_2021-09-05.root,/home/lhaaso/liushijie/QPO/JOBs_flux_strict_agn_week/fits/M87/week/2021-08-30_2021-09-05/out/ParRes.yaml,/home/lhaaso/liushijie/QPO/JOBs_flux_strict_agn_week/fits/M87/week/2021-08-30_2021-09-05/fit.log
M87,week,2021-09-06_2021-09-12,59466.50000000,2021-09-06,2021-09-12,1,2.6,3.0,0.04593,0.04824,1e-12,4.59300000e-14,4.82400000e-14,1.05,OK,OK,,/eos/user/l/liushijie/Skymap/2021-03-08_2026-03-29_week/Loop26_2021-09-06_2021-09-12.root,/home/lhaaso/liushijie/QPO/JOBs_flux_strict_agn_week/fits/M87/week/2021-09-06_2021-09-12/out/ParRes.yaml,/home/lhaaso/liushijie/QPO/JOBs_flux_strict_agn_week/fits/M87/week/2021-09-06_2021-09-12/fit.log
M87,week,2021-09-13_2021-09-19,59473.50000000,2021-09-13,2021-09-19,1,2.6,3.0,0.04505,0.06335,1e-12,4.50500000e-14,6.33500000e-14,0.63,OK,OK,,/eos/user/l/liushijie/Skymap/2021-03-08_2026-03-29_week/Loop27_2021-09-13_2021-09-19.root,/home/lhaaso/liushijie/QPO/JOBs_flux_strict_agn_week/fits/M87/week/2021-09-13_2021-09-19/out/ParRes.yaml,/home/lhaaso/liushijie/QPO/JOBs_flux_strict_agn_week/fits/M87/week/2021-09-13_2021-09-19/fit.log
M87,week,2021-09-20_2021-09-26,59480.50000000,2021-09-20,2021-09-26,1,2.6,3.0,0.02888,0.06883,1e-12,2.88800000e-14,6.88300000e-14,0.18,OK,OK,,/eos/user/l/liushijie/Skymap/2021-03-08_2026-03-29_week/Loop28_2021-09-20_2021-09-26.root,/home/lhaaso/liushijie/QPO/JOBs_flux_strict_agn_week/fits/M87/week/2021-09-20_2021-09-26/out/ParRes.yaml,/home/lhaaso/liushijie/QPO/JOBs_flux_strict_agn_week/fits/M87/week/2021-09-20_2021-09-26/fit.log
M87,week,2021-09-27_2021-10-03,59487.50000000,2021-09-27,2021-10-03,1,2.6,3.0,0.08335,0.04428,1e-12,8.33500000e-14,4.42800000e-14,5.26,OK,OK,,/eos/user/l/liushijie/Skymap/2021-03-08_2026-03-29_week/Loop29_2021-09-27_2021-10-03.root,/home/lhaaso/liushijie/QPO/JOBs_flux_strict_agn_week/fits/M87/week/2021-09-27_2021-10-03/out/ParRes.yaml,/home/lhaaso/liushijie/QPO/JOBs_flux_strict_agn_week/fits/M87/week/2021-09-27_2021-10-03/fit.log
M87,week,2021-10-04_2021-10-10,59494.50000000,2021-10-04,2021-10-10,1,2.6,3.0,0.02425,0.04243,1e-12,2.42500000e-14,4.24300000e-14,0.36,OK,OK,,/eos/user/l/liushijie/Skymap/2021-03-08_2026-03-29_week/Loop30_2021-10-04_2021-10-10.root,/home/lhaaso/liushijie/QPO/JOBs_flux_strict_agn_week/fits/M87/week/2021-10-04_2021-10-10/out/ParRes.yaml,/home/lhaaso/liushijie/QPO/JOBs_flux_strict_agn_week/fits/M87/week/2021-10-04_2021-10-10/fit.log
M87,week,2021-10-11_2021-10-17,59501.50000000,2021-10-11,2021-10-17,1,2.6,3.0,0.07474,0.05263,1e-12,7.47400000e-14,5.26300000e-14,2.68,OK,OK,,/eos/user/l/liushijie/Skymap/2021-03-08_2026-03-29_week/Loop31_2021-10-11_2021-10-17.root,/home/lhaaso/liushijie/QPO/JOBs_flux_strict_agn_week/fits/M87/week/2021-10-11_2021-10-17/out/ParRes.yaml,/home/lhaaso/liushijie/QPO/JOBs_flux_strict_agn_week/fits/M87/week/2021-10-11_2021-10-17/fit.log
M87,week,2021-10-18_2021-10-24,59508.50000000,2021-10-18,2021-10-24,1,2.6,3.0,0.12408,0.0579,1e-12,1.24080000e-13,5.79000000e-14,5.69,OK,OK,,/eos/user/l/liushijie/Skymap/2021-03-08_2026-03-29_week/Loop32_2021-10-18_2021-10-24.root,/home/lhaaso/liushijie/QPO/JOBs_flux_strict_agn_week/fits/M87/week/2021-10-18_2021-10-24/out/ParRes.yaml,/home/lhaaso/liushijie/QPO/JOBs_flux_strict_agn_week/fits/M87/week/2021-10-18_2021-10-24/fit.log
M87,week,2021-10-25_2021-10-31,59515.50000000,2021-10-25,2021-10-31,1,2.6,3.0,0.06174,0.04582,1e-12,6.17400000e-14,4.58200000e-14,2.25,OK,OK,,/eos/user/l/liushijie/Skymap/2021-03-08_2026-03-29_week/Loop33_2021-10-25_2021-10-31.root,/home/lhaaso/liushijie/QPO/JOBs_flux_strict_agn_week/fits/M87/week/2021-10-25_2021-10-31/out/ParRes.yaml,/home/lhaaso/liushijie/QPO/JOBs_flux_strict_agn_week/fits/M87/week/2021-10-25_2021-10-31/fit.log
M87,week,2021-11-01_2021-11-07,59522.50000000,2021-11-01,2021-11-07,1,2.6,3.0,0.01445,0.04711,1e-12,1.44500000e-14,4.71100000e-14,0.1,OK,OK,,/eos/user/l/liushijie/Skymap/2021-03-08_2026-03-29_week/Loop34_2021-11-01_2021-11-07.root,/home/lhaaso/liushijie/QPO/JOBs_flux_strict_agn_week/fits/M87/week/2021-11-01_2021-11-07/out/ParRes.yaml,/home/lhaaso/liushijie/QPO/JOBs_flux_strict_agn_week/fits/M87/week/2021-11-01_2021-11-07/fit.log
M87,week,2021-11-08_2021-11-14,59529.50000000,2021-11-08,2021-11-14,1,2.6,3.0,0,0.13584,1e-12,0.00000000e+00,1.35840000e-13,-0,OK,OK,,/eos/user/l/liushijie/Skymap/2021-03-08_2026-03-29_week/Loop35_2021-11-08_2021-11-14.root,/home/lhaaso/liushijie/QPO/JOBs_flux_strict_agn_week/fits/M87/week/2021-11-08_2021-11-14/out/ParRes.yaml,/home/lhaaso/liushijie/QPO/JOBs_flux_strict_agn_week/fits/M87/week/2021-11-08_2021-11-14/fit.log
M87,week,2021-11-15_2021-11-21,59536.50000000,2021-11-15,2021-11-21,1,2.6,3.0,0,0.13215,1e-12,0.00000000e+00,1.32150000e-13,-0,OK,OK,,/eos/user/l/liushijie/Skymap/2021-03-08_2026-03-29_week/Loop36_2021-11-15_2021-11-21.root,/home/lhaaso/liushijie/QPO/JOBs_flux_strict_agn_week/fits/M87/week/2021-11-15_2021-11-21/out/ParRes.yaml,/home/lhaaso/liushijie/QPO/JOBs_flux_strict_agn_week/fits/M87/week/2021-11-15_2021-11-21/fit.log
M87,week,2021-11-22_2021-11-28,59543.50000000,2021-11-22,2021-11-28,1,2.6,3.0,0.05006,0.04819,1e-12,5.00600000e-14,4.81900000e-14,1.35,OK,OK,,/eos/user/l/liushijie/Skymap/2021-03-08_2026-03-29_week/Loop37_2021-11-22_2021-11-28.root,/home/lhaaso/liushijie/QPO/JOBs_flux_strict_agn_week/fits/M87/week/2021-11-22_2021-11-28/out/ParRes.yaml,/home/lhaaso/liushijie/QPO/JOBs_flux_strict_agn_week/fits/M87/week/2021-11-22_2021-11-28/fit.log
M87,week,2021-11-29_2021-12-05,59550.50000000,2021-11-29,2021-12-05,1,2.6,3.0,0.00715,0.08581,1e-12,7.15000000e-15,8.58100000e-14,0.02,OK,OK,,/eos/user/l/liushijie/Skymap/2021-03-08_2026-03-29_week/Loop38_2021-11-29_2021-12-05.root,/home/lhaaso/liushijie/QPO/JOBs_flux_strict_agn_week/fits/M87/week/2021-11-29_2021-12-05/out/ParRes.yaml,/home/lhaaso/liushijie/QPO/JOBs_flux_strict_agn_week/fits/M87/week/2021-11-29_2021-12-05/fit.log
M87,week,2021-12-06_2021-12-12,59557.50000000,2021-12-06,2021-12-12,1,2.6,3.0,0.09075,0.04556,1e-12,9.07500000e-14,4.55600000e-14,5.66,OK,OK,,/eos/user/l/liushijie/Skymap/2021-03-08_2026-03-29_week/Loop39_2021-12-06_2021-12-12.root,/home/lhaaso/liushijie/QPO/JOBs_flux_strict_agn_week/fits/M87/week/2021-12-06_2021-12-12/out/ParRes.yaml,/home/lhaaso/liushijie/QPO/JOBs_flux_strict_agn_week/fits/M87/week/2021-12-06_2021-12-12/fit.log
M87,week,2021-12-13_2021-12-19,59564.50000000,2021-12-13,2021-12-19,1,2.6,3.0,0.08905,0.0498,1e-12,8.90500000e-14,4.98000000e-14,4.18,OK,OK,,/eos/user/l/liushijie/Skymap/2021-03-08_2026-03-29_week/Loop40_2021-12-13_2021-12-19.root,/home/lhaaso/liushijie/QPO/JOBs_flux_strict_agn_week/fits/M87/week/2021-12-13_2021-12-19/out/ParRes.yaml,/home/lhaaso/liushijie/QPO/JOBs_flux_strict_agn_week/fits/M87/week/2021-12-13_2021-12-19/fit.log
M87,week,2021-12-20_2021-12-26,59571.50000000,2021-12-20,2021-12-26,1,2.6,3.0,0.03659,0.04247,1e-12,3.65900000e-14,4.24700000e-14,0.88,OK,OK,,/eos/user/l/liushijie/Skymap/2021-03-08_2026-03-29_week/Loop41_2021-12-20_2021-12-26.root,/home/lhaaso/liushijie/QPO/JOBs_flux_strict_agn_week/fits/M87/week/2021-12-20_2021-12-26/out/ParRes.yaml,/home/lhaaso/liushijie/QPO/JOBs_flux_strict_agn_week/fits/M87/week/2021-12-20_2021-12-26/fit.log
M87,week,2021-12-27_2022-01-02,59578.50000000,2021-12-27,2022-01-02,1,2.6,3.0,0.10827,0.05115,1e-12,1.08270000e-13,5.11500000e-14,6.28,OK,OK,,/eos/user/l/liushijie/Skymap/2021-03-08_2026-03-29_week/Loop42_2021-12-27_2022-01-02.root,/home/lhaaso/liushijie/QPO/JOBs_flux_strict_agn_week/fits/M87/week/2021-12-27_2022-01-02/out/ParRes.yaml,/home/lhaaso/liushijie/QPO/JOBs_flux_strict_agn_week/fits/M87/week/2021-12-27_2022-01-02/fit.log
M87,week,2022-01-03_2022-01-09,59585.50000000,2022-01-03,2022-01-09,1,2.6,3.0,0.04483,0.04972,1e-12,4.48300000e-14,4.97200000e-14,0.9,OK,OK,,/eos/user/l/liushijie/Skymap/2021-03-08_2026-03-29_week/Loop43_2022-01-03_2022-01-09.root,/home/lhaaso/liushijie/QPO/JOBs_flux_strict_agn_week/fits/M87/week/2022-01-03_2022-01-09/out/ParRes.yaml,/home/lhaaso/liushijie/QPO/JOBs_flux_strict_agn_week/fits/M87/week/2022-01-03_2022-01-09/fit.log
M87,week,2022-01-10_2022-01-16,59592.50000000,2022-01-10,2022-01-16,1,2.6,3.0,0.09313,0.04861,1e-12,9.31300000e-14,4.86100000e-14,4.5,OK,OK,,/eos/user/l/liushijie/Skymap/2021-03-08_2026-03-29_week/Loop44_2022-01-10_2022-01-16.root,/home/lhaaso/liushijie/QPO/JOBs_flux_strict_agn_week/fits/M87/week/2022-01-10_2022-01-16/out/ParRes.yaml,/home/lhaaso/liushijie/QPO/JOBs_flux_strict_agn_week/fits/M87/week/2022-01-10_2022-01-16/fit.log
M87,week,2022-01-17_2022-01-23,59599.50000000,2022-01-17,2022-01-23,1,2.6,3.0,0.04021,0.04713,1e-12,4.02100000e-14,4.71300000e-14,0.85,OK,OK,,/eos/user/l/liushijie/Skymap/2021-03-08_2026-03-29_week/Loop45_2022-01-17_2022-01-23.root,/home/lhaaso/liushijie/QPO/JOBs_flux_strict_agn_week/fits/M87/week/2022-01-17_2022-01-23/out/ParRes.yaml,/home/lhaaso/liushijie/QPO/JOBs_flux_strict_agn_week/fits/M87/week/2022-01-17_2022-01-23/fit.log
M87,week,2022-01-24_2022-01-30,59606.50000000,2022-01-24,2022-01-30,1,2.6,3.0,0.02962,0.04175,1e-12,2.96200000e-14,4.17500000e-14,0.58,OK,OK,,/eos/user/l/liushijie/Skymap/2021-03-08_2026-03-29_week/Loop46_2022-01-24_2022-01-30.root,/home/lhaaso/liushijie/QPO/JOBs_flux_strict_agn_week/fits/M87/week/2022-01-24_2022-01-30/out/ParRes.yaml,/home/lhaaso/liushijie/QPO/JOBs_flux_strict_agn_week/fits/M87/week/2022-01-24_2022-01-30/fit.log
M87,week,2022-01-31_2022-02-06,59613.50000000,2022-01-31,2022-02-06,1,2.6,3.0,0.27013,0.06057,1e-12,2.70130000e-13,6.05700000e-14,28.05,OK,OK,,/eos/user/l/liushijie/Skymap/2021-03-08_2026-03-29_week/Loop47_2022-01-31_2022-02-06.root,/home/lhaaso/liushijie/QPO/JOBs_flux_strict_agn_week/fits/M87/week/2022-01-31_2022-02-06/out/ParRes.yaml,/home/lhaaso/liushijie/QPO/JOBs_flux_strict_agn_week/fits/M87/week/2022-01-31_2022-02-06/fit.log
M87,week,2022-02-07_2022-02-13,59620.50000000,2022-02-07,2022-02-13,1,2.6,3.0,0,0.07237,1e-12,0.00000000e+00,7.23700000e-14,-0,OK,OK,,/eos/user/l/liushijie/Skymap/2021-03-08_2026-03-29_week/Loop48_2022-02-07_2022-02-13.root,/home/lhaaso/liushijie/QPO/JOBs_flux_strict_agn_week/fits/M87/week/2022-02-07_2022-02-13/out/ParRes.yaml,/home/lhaaso/liushijie/QPO/JOBs_flux_strict_agn_week/fits/M87/week/2022-02-07_2022-02-13/fit.log
M87,week,2022-02-14_2022-02-20,59627.50000000,2022-02-14,2022-02-20,1,2.6,3.0,0,0.03043,1e-12,0.00000000e+00,3.04300000e-14,-0,OK,OK,,/eos/user/l/liushijie/Skymap/2021-03-08_2026-03-29_week/Loop49_2022-02-14_2022-02-20.root,/home/lhaaso/liushijie/QPO/JOBs_flux_strict_agn_week/fits/M87/week/2022-02-14_2022-02-20/out/ParRes.yaml,/home/lhaaso/liushijie/QPO/JOBs_flux_strict_agn_week/fits/M87/week/2022-02-14_2022-02-20/fit.log
M87,week,2022-02-21_2022-02-27,59634.50000000,2022-02-21,2022-02-27,1,2.6,3.0,0,0.05386,1e-12,0.00000000e+00,5.38600000e-14,-0,OK,OK,,/eos/user/l/liushijie/Skymap/2021-03-08_2026-03-29_week/Loop50_2022-02-21_2022-02-27.root,/home/lhaaso/liushijie/QPO/JOBs_flux_strict_agn_week/fits/M87/week/2022-02-21_2022-02-27/out/ParRes.yaml,/home/lhaaso/liushijie/QPO/JOBs_flux_strict_agn_week/fits/M87/week/2022-02-21_2022-02-27/fit.log
M87,week,2022-02-28_2022-03-06,59641.50000000,2022-02-28,2022-03-06,1,2.6,3.0,0,0.02335,1e-12,0.00000000e+00,2.33500000e-14,-0,OK,OK,,/eos/user/l/liushijie/Skymap/2021-03-08_2026-03-29_week/Loop51_2022-02-28_2022-03-06.root,/home/lhaaso/liushijie/QPO/JOBs_flux_strict_agn_week/fits/M87/week/2022-02-28_2022-03-06/out/ParRes.yaml,/home/lhaaso/liushijie/QPO/JOBs_flux_strict_agn_week/fits/M87/week/2022-02-28_2022-03-06/fit.log
M87,week,2022-03-07_2022-03-13,59648.50000000,2022-03-07,2022-03-13,1,2.6,3.0,0.06723,0.04143,1e-12,6.72300000e-14,4.14300000e-14,3.92,OK,OK,,/eos/user/l/liushijie/Skymap/2021-03-08_2026-03-29_week/Loop52_2022-03-07_2022-03-13.root,/home/lhaaso/liushijie/QPO/JOBs_flux_strict_agn_week/fits/M87/week/2022-03-07_2022-03-13/out/ParRes.yaml,/home/lhaaso/liushijie/QPO/JOBs_flux_strict_agn_week/fits/M87/week/2022-03-07_2022-03-13/fit.log
M87,week,2022-03-14_2022-03-20,59655.50000000,2022-03-14,2022-03-20,1,2.6,3.0,0.05419,0.04161,1e-12,5.41900000e-14,4.16100000e-14,2.3,OK,OK,,/eos/user/l/liushijie/Skymap/2021-03-08_2026-03-29_week/Loop53_2022-03-14_2022-03-20.root,/home/lhaaso/liushijie/QPO/JOBs_flux_strict_agn_week/fits/M87/week/2022-03-14_2022-03-20/out/ParRes.yaml,/home/lhaaso/liushijie/QPO/JOBs_flux_strict_agn_week/fits/M87/week/2022-03-14_2022-03-20/fit.log
M87,week,2022-03-21_2022-03-27,59662.50000000,2022-03-21,2022-03-27,1,2.6,3.0,0.0574,0.05274,1e-12,5.74000000e-14,5.27400000e-14,1.28,OK,OK,,/eos/user/l/liushijie/Skymap/2021-03-08_2026-03-29_week/Loop54_2022-03-21_2022-03-27.root,/home/lhaaso/liushijie/QPO/JOBs_flux_strict_agn_week/fits/M87/week/2022-03-21_2022-03-27/out/ParRes.yaml,/home/lhaaso/liushijie/QPO/JOBs_flux_strict_agn_week/fits/M87/week/2022-03-21_2022-03-27/fit.log
M87,week,2022-03-28_2022-04-03,59669.50000000,2022-03-28,2022-04-03,1,2.6,3.0,0,0.116,1e-12,0.00000000e+00,1.16000000e-13,-0,OK,OK,,/eos/user/l/liushijie/Skymap/2021-03-08_2026-03-29_week/Loop55_2022-03-28_2022-04-03.root,/home/lhaaso/liushijie/QPO/JOBs_flux_strict_agn_week/fits/M87/week/2022-03-28_2022-04-03/out/ParRes.yaml,/home/lhaaso/liushijie/QPO/JOBs_flux_strict_agn_week/fits/M87/week/2022-03-28_2022-04-03/fit.log
M87,week,2022-04-04_2022-04-10,59676.50000000,2022-04-04,2022-04-10,1,2.6,3.0,0,0.04204,1e-12,0.00000000e+00,4.20400000e-14,-0,OK,OK,,/eos/user/l/liushijie/Skymap/2021-03-08_2026-03-29_week/Loop56_2022-04-04_2022-04-10.root,/home/lhaaso/liushijie/QPO/JOBs_flux_strict_agn_week/fits/M87/week/2022-04-04_2022-04-10/out/ParRes.yaml,/home/lhaaso/liushijie/QPO/JOBs_flux_strict_agn_week/fits/M87/week/2022-04-04_2022-04-10/fit.log
M87,week,2022-04-11_2022-04-17,59683.50000000,2022-04-11,2022-04-17,1,2.6,3.0,0.03438,0.03297,1e-12,3.43800000e-14,3.29700000e-14,1.46,OK,OK,,/eos/user/l/liushijie/Skymap/2021-03-08_2026-03-29_week/Loop57_2022-04-11_2022-04-17.root,/home/lhaaso/liushijie/QPO/JOBs_flux_strict_agn_week/fits/M87/week/2022-04-11_2022-04-17/out/ParRes.yaml,/home/lhaaso/liushijie/QPO/JOBs_flux_strict_agn_week/fits/M87/week/2022-04-11_2022-04-17/fit.log
M87,week,2022-04-18_2022-04-24,59690.50000000,2022-04-18,2022-04-24,1,2.6,3.0,0.04921,0.04315,1e-12,4.92100000e-14,4.31500000e-14,1.55,OK,OK,,/eos/user/l/liushijie/Skymap/2021-03-08_2026-03-29_week/Loop58_2022-04-18_2022-04-24.root,/home/lhaaso/liushijie/QPO/JOBs_flux_strict_agn_week/fits/M87/week/2022-04-18_2022-04-24/out/ParRes.yaml,/home/lhaaso/liushijie/QPO/JOBs_flux_strict_agn_week/fits/M87/week/2022-04-18_2022-04-24/fit.log
M87,week,2022-04-25_2022-05-01,59697.50000000,2022-04-25,2022-05-01,1,2.6,3.0,0,0.06836,1e-12,0.00000000e+00,6.83600000e-14,-0,OK,OK,,/eos/user/l/liushijie/Skymap/2021-03-08_2026-03-29_week/Loop59_2022-04-25_2022-05-01.root,/home/lhaaso/liushijie/QPO/JOBs_flux_strict_agn_week/fits/M87/week/2022-04-25_2022-05-01/out/ParRes.yaml,/home/lhaaso/liushijie/QPO/JOBs_flux_strict_agn_week/fits/M87/week/2022-04-25_2022-05-01/fit.log
M87,week,2022-05-02_2022-05-08,59704.50000000,2022-05-02,2022-05-08,1,2.6,3.0,0.07871,0.04394,1e-12,7.87100000e-14,4.39400000e-14,4.52,OK,OK,,/eos/user/l/liushijie/Skymap/2021-03-08_2026-03-29_week/Loop60_2022-05-02_2022-05-08.root,/home/lhaaso/liushijie/QPO/JOBs_flux_strict_agn_week/fits/M87/week/2022-05-02_2022-05-08/out/ParRes.yaml,/home/lhaaso/liushijie/QPO/JOBs_flux_strict_agn_week/fits/M87/week/2022-05-02_2022-05-08/fit.log
M87,week,2022-05-09_2022-05-15,59711.50000000,2022-05-09,2022-05-15,1,2.6,3.0,0.07399,0.04657,1e-12,7.39900000e-14,4.65700000e-14,3.18,OK,OK,,/eos/user/l/liushijie/Skymap/2021-03-08_2026-03-29_week/Loop61_2022-05-09_2022-05-15.root,/home/lhaaso/liushijie/QPO/JOBs_flux_strict_agn_week/fits/M87/week/2022-05-09_2022-05-15/out/ParRes.yaml,/home/lhaaso/liushijie/QPO/JOBs_flux_strict_agn_week/fits/M87/week/2022-05-09_2022-05-15/fit.log
M87,week,2022-05-16_2022-05-22,59718.50000000,2022-05-16,2022-05-22,1,2.6,3.0,0,0.03818,1e-12,0.00000000e+00,3.81800000e-14,-0,OK,OK,,/eos/user/l/liushijie/Skymap/2021-03-08_2026-03-29_week/Loop62_2022-05-16_2022-05-22.root,/home/lhaaso/liushijie/QPO/JOBs_flux_strict_agn_week/fits/M87/week/2022-05-16_2022-05-22/out/ParRes.yaml,/home/lhaaso/liushijie/QPO/JOBs_flux_strict_agn_week/fits/M87/week/2022-05-16_2022-05-22/fit.log
M87,week,2022-05-23_2022-05-29,59725.50000000,2022-05-23,2022-05-29,1,2.6,3.0,0.1138,0.055,1e-12,1.13800000e-13,5.50000000e-14,4.98,OK,OK,,/eos/user/l/liushijie/Skymap/2021-03-08_2026-03-29_week/Loop63_2022-05-23_2022-05-29.root,/home/lhaaso/liushijie/QPO/JOBs_flux_strict_agn_week/fits/M87/week/2022-05-23_2022-05-29/out/ParRes.yaml,/home/lhaaso/liushijie/QPO/JOBs_flux_strict_agn_week/fits/M87/week/2022-05-23_2022-05-29/fit.log
M87,week,2022-05-30_2022-06-05,59732.50000000,2022-05-30,2022-06-05,1,2.6,3.0,0,0.0511,1e-12,0.00000000e+00,5.11000000e-14,-0,OK,OK,,/eos/user/l/liushijie/Skymap/2021-03-08_2026-03-29_week/Loop64_2022-05-30_2022-06-05.root,/home/lhaaso/liushijie/QPO/JOBs_flux_strict_agn_week/fits/M87/week/2022-05-30_2022-06-05/out/ParRes.yaml,/home/lhaaso/liushijie/QPO/JOBs_flux_strict_agn_week/fits/M87/week/2022-05-30_2022-06-05/fit.log
M87,week,2022-06-06_2022-06-12,59739.50000000,2022-06-06,2022-06-12,1,2.6,3.0,0.05429,0.05016,1e-12,5.42900000e-14,5.01600000e-14,1.28,OK,OK,,/eos/user/l/liushijie/Skymap/2021-03-08_2026-03-29_week/Loop65_2022-06-06_2022-06-12.root,/home/lhaaso/liushijie/QPO/JOBs_flux_strict_agn_week/fits/M87/week/2022-06-06_2022-06-12/out/ParRes.yaml,/home/lhaaso/liushijie/QPO/JOBs_flux_strict_agn_week/fits/M87/week/2022-06-06_2022-06-12/fit.log
M87,week,2022-06-13_2022-06-19,59746.50000000,2022-06-13,2022-06-19,1,2.6,3.0,0.12816,0.05768,1e-12,1.28160000e-13,5.76800000e-14,5.84,OK,OK,,/eos/user/l/liushijie/Skymap/2021-03-08_2026-03-29_week/Loop66_2022-06-13_2022-06-19.root,/home/lhaaso/liushijie/QPO/JOBs_flux_strict_agn_week/fits/M87/week/2022-06-13_2022-06-19/out/ParRes.yaml,/home/lhaaso/liushijie/QPO/JOBs_flux_strict_agn_week/fits/M87/week/2022-06-13_2022-06-19/fit.log
M87,week,2022-06-20_2022-06-26,59753.50000000,2022-06-20,2022-06-26,1,2.6,3.0,0.02918,0.05429,1e-12,2.91800000e-14,5.42900000e-14,0.3,OK,OK,,/eos/user/l/liushijie/Skymap/2021-03-08_2026-03-29_week/Loop67_2022-06-20_2022-06-26.root,/home/lhaaso/liushijie/QPO/JOBs_flux_strict_agn_week/fits/M87/week/2022-06-20_2022-06-26/out/ParRes.yaml,/home/lhaaso/liushijie/QPO/JOBs_flux_strict_agn_week/fits/M87/week/2022-06-20_2022-06-26/fit.log
M87,week,2022-06-27_2022-07-03,59760.50000000,2022-06-27,2022-07-03,1,2.6,3.0,0.01259,0.03315,1e-12,1.25900000e-14,3.31500000e-14,0.17,OK,OK,,/eos/user/l/liushijie/Skymap/2021-03-08_2026-03-29_week/Loop68_2022-06-27_2022-07-03.root,/home/lhaaso/liushijie/QPO/JOBs_flux_strict_agn_week/fits/M87/week/2022-06-27_2022-07-03/out/ParRes.yaml,/home/lhaaso/liushijie/QPO/JOBs_flux_strict_agn_week/fits/M87/week/2022-06-27_2022-07-03/fit.log
M87,week,2022-07-04_2022-07-10,59767.50000000,2022-07-04,2022-07-10,1,2.6,3.0,0.00392,0.1039,1e-12,3.92000000e-15,1.03900000e-13,0.01,OK,OK,,/eos/user/l/liushijie/Skymap/2021-03-08_2026-03-29_week/Loop69_2022-07-04_2022-07-10.root,/home/lhaaso/liushijie/QPO/JOBs_flux_strict_agn_week/fits/M87/week/2022-07-04_2022-07-10/out/ParRes.yaml,/home/lhaaso/liushijie/QPO/JOBs_flux_strict_agn_week/fits/M87/week/2022-07-04_2022-07-10/fit.log
M87,week,2022-07-11_2022-07-17,59774.50000000,2022-07-11,2022-07-17,1,2.6,3.0,0,0.01639,1e-12,0.00000000e+00,1.63900000e-14,-0,OK,OK,,/eos/user/l/liushijie/Skymap/2021-03-08_2026-03-29_week/Loop70_2022-07-11_2022-07-17.root,/home/lhaaso/liushijie/QPO/JOBs_flux_strict_agn_week/fits/M87/week/2022-07-11_2022-07-17/out/ParRes.yaml,/home/lhaaso/liushijie/QPO/JOBs_flux_strict_agn_week/fits/M87/week/2022-07-11_2022-07-17/fit.log
M87,week,2022-07-18_2022-07-24,59781.50000000,2022-07-18,2022-07-24,1,2.6,3.0,0.03805,0.0433,1e-12,3.80500000e-14,4.33000000e-14,0.95,OK,OK,,/eos/user/l/liushijie/Skymap/2021-03-08_2026-03-29_week/Loop71_2022-07-18_2022-07-24.root,/home/lhaaso/liushijie/QPO/JOBs_flux_strict_agn_week/fits/M87/week/2022-07-18_2022-07-24/out/ParRes.yaml,/home/lhaaso/liushijie/QPO/JOBs_flux_strict_agn_week/fits/M87/week/2022-07-18_2022-07-24/fit.log
M87,week,2022-07-25_2022-07-31,59788.50000000,2022-07-25,2022-07-31,1,2.6,3.0,0.00103,0.20387,1e-12,1.03000000e-15,2.03870000e-13,0,OK,OK,,/eos/user/l/liushijie/Skymap/2021-03-08_2026-03-29_week/Loop72_2022-07-25_2022-07-31.root,/home/lhaaso/liushijie/QPO/JOBs_flux_strict_agn_week/fits/M87/week/2022-07-25_2022-07-31/out/ParRes.yaml,/home/lhaaso/liushijie/QPO/JOBs_flux_strict_agn_week/fits/M87/week/2022-07-25_2022-07-31/fit.log
M87,week,2022-08-01_2022-08-07,59795.50000000,2022-08-01,2022-08-07,1,2.6,3.0,0,0.01724,1e-12,0.00000000e+00,1.72400000e-14,-0,OK,OK,,/eos/user/l/liushijie/Skymap/2021-03-08_2026-03-29_week/Loop73_2022-08-01_2022-08-07.root,/home/lhaaso/liushijie/QPO/JOBs_flux_strict_agn_week/fits/M87/week/2022-08-01_2022-08-07/out/ParRes.yaml,/home/lhaaso/liushijie/QPO/JOBs_flux_strict_agn_week/fits/M87/week/2022-08-01_2022-08-07/fit.log
M87,week,2022-08-08_2022-08-14,59802.50000000,2022-08-08,2022-08-14,1,2.6,3.0,0.06985,0.04327,1e-12,6.98500000e-14,4.32700000e-14,3.48,OK,OK,,/eos/user/l/liushijie/Skymap/2021-03-08_2026-03-29_week/Loop74_2022-08-08_2022-08-14.root,/home/lhaaso/liushijie/QPO/JOBs_flux_strict_agn_week/fits/M87/week/2022-08-08_2022-08-14/out/ParRes.yaml,/home/lhaaso/liushijie/QPO/JOBs_flux_strict_agn_week/fits/M87/week/2022-08-08_2022-08-14/fit.log
M87,week,2022-08-15_2022-08-21,59809.50000000,2022-08-15,2022-08-21,1,2.6,3.0,0.07413,0.04864,1e-12,7.41300000e-14,4.86400000e-14,2.91,OK,OK,,/eos/user/l/liushijie/Skymap/2021-03-08_2026-03-29_week/Loop75_2022-08-15_2022-08-21.root,/home/lhaaso/liushijie/QPO/JOBs_flux_strict_agn_week/fits/M87/week/2022-08-15_2022-08-21/out/ParRes.yaml,/home/lhaaso/liushijie/QPO/JOBs_flux_strict_agn_week/fits/M87/week/2022-08-15_2022-08-21/fit.log
M87,week,2022-08-22_2022-08-28,59816.50000000,2022-08-22,2022-08-28,1,2.6,3.0,0.07838,0.04596,1e-12,7.83800000e-14,4.59600000e-14,3.96,OK,OK,,/eos/user/l/liushijie/Skymap/2021-03-08_2026-03-29_week/Loop76_2022-08-22_2022-08-28.root,/home/lhaaso/liushijie/QPO/JOBs_flux_strict_agn_week/fits/M87/week/2022-08-22_2022-08-28/out/ParRes.yaml,/home/lhaaso/liushijie/QPO/JOBs_flux_strict_agn_week/fits/M87/week/2022-08-22_2022-08-28/fit.log
M87,week,2022-08-29_2022-09-04,59823.50000000,2022-08-29,2022-09-04,1,2.6,3.0,0,0.07615,1e-12,0.00000000e+00,7.61500000e-14,-0,OK,OK,,/eos/user/l/liushijie/Skymap/2021-03-08_2026-03-29_week/Loop77_2022-08-29_2022-09-04.root,/home/lhaaso/liushijie/QPO/JOBs_flux_strict_agn_week/fits/M87/week/2022-08-29_2022-09-04/out/ParRes.yaml,/home/lhaaso/liushijie/QPO/JOBs_flux_strict_agn_week/fits/M87/week/2022-08-29_2022-09-04/fit.log
M87,week,2022-09-05_2022-09-11,59830.50000000,2022-09-05,2022-09-11,1,2.6,3.0,0.00398,0.06979,1e-12,3.98000000e-15,6.97900000e-14,0.01,OK,OK,,/eos/user/l/liushijie/Skymap/2021-03-08_2026-03-29_week/Loop78_2022-09-05_2022-09-11.root,/home/lhaaso/liushijie/QPO/JOBs_flux_strict_agn_week/fits/M87/week/2022-09-05_2022-09-11/out/ParRes.yaml,/home/lhaaso/liushijie/QPO/JOBs_flux_strict_agn_week/fits/M87/week/2022-09-05_2022-09-11/fit.log
M87,week,2022-09-12_2022-09-18,59837.50000000,2022-09-12,2022-09-18,1,2.6,3.0,0,0.02356,1e-12,0.00000000e+00,2.35600000e-14,-0,OK,OK,,/eos/user/l/liushijie/Skymap/2021-03-08_2026-03-29_week/Loop79_2022-09-12_2022-09-18.root,/home/lhaaso/liushijie/QPO/JOBs_flux_strict_agn_week/fits/M87/week/2022-09-12_2022-09-18/out/ParRes.yaml,/home/lhaaso/liushijie/QPO/JOBs_flux_strict_agn_week/fits/M87/week/2022-09-12_2022-09-18/fit.log
M87,week,2022-09-19_2022-09-25,59844.50000000,2022-09-19,2022-09-25,1,2.6,3.0,0,0.03531,1e-12,0.00000000e+00,3.53100000e-14,-0,OK,OK,,/eos/user/l/liushijie/Skymap/2021-03-08_2026-03-29_week/Loop80_2022-09-19_2022-09-25.root,/home/lhaaso/liushijie/QPO/JOBs_flux_strict_agn_week/fits/M87/week/2022-09-19_2022-09-25/out/ParRes.yaml,/home/lhaaso/liushijie/QPO/JOBs_flux_strict_agn_week/fits/M87/week/2022-09-19_2022-09-25/fit.log
M87,week,2022-09-26_2022-10-02,59851.50000000,2022-09-26,2022-10-02,1,2.6,3.0,0.15109,0.06575,1e-12,1.51090000e-13,6.57500000e-14,7.17,OK,OK,,/eos/user/l/liushijie/Skymap/2021-03-08_2026-03-29_week/Loop81_2022-09-26_2022-10-02.root,/home/lhaaso/liushijie/QPO/JOBs_flux_strict_agn_week/fits/M87/week/2022-09-26_2022-10-02/out/ParRes.yaml,/home/lhaaso/liushijie/QPO/JOBs_flux_strict_agn_week/fits/M87/week/2022-09-26_2022-10-02/fit.log
M87,week,2022-10-03_2022-10-09,59858.50000000,2022-10-03,2022-10-09,1,2.6,3.0,0,0.03634,1e-12,0.00000000e+00,3.63400000e-14,-0,OK,OK,,/eos/user/l/liushijie/Skymap/2021-03-08_2026-03-29_week/Loop82_2022-10-03_2022-10-09.root,/home/lhaaso/liushijie/QPO/JOBs_flux_strict_agn_week/fits/M87/week/2022-10-03_2022-10-09/out/ParRes.yaml,/home/lhaaso/liushijie/QPO/JOBs_flux_strict_agn_week/fits/M87/week/2022-10-03_2022-10-09/fit.log
M87,week,2022-10-10_2022-10-16,59865.50000000,2022-10-10,2022-10-16,1,2.6,3.0,0.03217,0.04884,1e-12,3.21700000e-14,4.88400000e-14,0.48,OK,OK,,/eos/user/l/liushijie/Skymap/2021-03-08_2026-03-29_week/Loop83_2022-10-10_2022-10-16.root,/home/lhaaso/liushijie/QPO/JOBs_flux_strict_agn_week/fits/M87/week/2022-10-10_2022-10-16/out/ParRes.yaml,/home/lhaaso/liushijie/QPO/JOBs_flux_strict_agn_week/fits/M87/week/2022-10-10_2022-10-16/fit.log
M87,week,2022-10-17_2022-10-23,59872.50000000,2022-10-17,2022-10-23,1,2.6,3.0,0,0.05222,1e-12,0.00000000e+00,5.22200000e-14,-0,OK,OK,,/eos/user/l/liushijie/Skymap/2021-03-08_2026-03-29_week/Loop84_2022-10-17_2022-10-23.root,/home/lhaaso/liushijie/QPO/JOBs_flux_strict_agn_week/fits/M87/week/2022-10-17_2022-10-23/out/ParRes.yaml,/home/lhaaso/liushijie/QPO/JOBs_flux_strict_agn_week/fits/M87/week/2022-10-17_2022-10-23/fit.log
M87,week,2022-10-24_2022-10-30,59879.50000000,2022-10-24,2022-10-30,1,2.6,3.0,0.07495,0.04698,1e-12,7.49500000e-14,4.69800000e-14,3.39,OK,OK,,/eos/user/l/liushijie/Skymap/2021-03-08_2026-03-29_week/Loop85_2022-10-24_2022-10-30.root,/home/lhaaso/liushijie/QPO/JOBs_flux_strict_agn_week/fits/M87/week/2022-10-24_2022-10-30/out/ParRes.yaml,/home/lhaaso/liushijie/QPO/JOBs_flux_strict_agn_week/fits/M87/week/2022-10-24_2022-10-30/fit.log
M87,week,2022-10-31_2022-11-06,59886.50000000,2022-10-31,2022-11-06,1,2.6,3.0,0.0192,0.03929,1e-12,1.92000000e-14,3.92900000e-14,0.27,OK,OK,,/eos/user/l/liushijie/Skymap/2021-03-08_2026-03-29_week/Loop86_2022-10-31_2022-11-06.root,/home/lhaaso/liushijie/QPO/JOBs_flux_strict_agn_week/fits/M87/week/2022-10-31_2022-11-06/out/ParRes.yaml,/home/lhaaso/liushijie/QPO/JOBs_flux_strict_agn_week/fits/M87/week/2022-10-31_2022-11-06/fit.log
M87,week,2022-11-07_2022-11-13,59893.50000000,2022-11-07,2022-11-13,1,2.6,3.0,0.13801,0.05041,1e-12,1.38010000e-13,5.04100000e-14,11.14,OK,OK,,/eos/user/l/liushijie/Skymap/2021-03-08_2026-03-29_week/Loop87_2022-11-07_2022-11-13.root,/home/lhaaso/liushijie/QPO/JOBs_flux_strict_agn_week/fits/M87/week/2022-11-07_2022-11-13/out/ParRes.yaml,/home/lhaaso/liushijie/QPO/JOBs_flux_strict_agn_week/fits/M87/week/2022-11-07_2022-11-13/fit.log
M87,week,2022-11-14_2022-11-20,59900.50000000,2022-11-14,2022-11-20,1,2.6,3.0,0,0.08566,1e-12,0.00000000e+00,8.56600000e-14,-0,OK,OK,,/eos/user/l/liushijie/Skymap/2021-03-08_2026-03-29_week/Loop88_2022-11-14_2022-11-20.root,/home/lhaaso/liushijie/QPO/JOBs_flux_strict_agn_week/fits/M87/week/2022-11-14_2022-11-20/out/ParRes.yaml,/home/lhaaso/liushijie/QPO/JOBs_flux_strict_agn_week/fits/M87/week/2022-11-14_2022-11-20/fit.log
M87,week,2022-11-21_2022-11-27,59907.50000000,2022-11-21,2022-11-27,1,2.6,3.0,0,0.01792,1e-12,0.00000000e+00,1.79200000e-14,-0,OK,OK,,/eos/user/l/liushijie/Skymap/2021-03-08_2026-03-29_week/Loop89_2022-11-21_2022-11-27.root,/home/lhaaso/liushijie/QPO/JOBs_flux_strict_agn_week/fits/M87/week/2022-11-21_2022-11-27/out/ParRes.yaml,/home/lhaaso/liushijie/QPO/JOBs_flux_strict_agn_week/fits/M87/week/2022-11-21_2022-11-27/fit.log
M87,week,2022-11-28_2022-12-04,59914.50000000,2022-11-28,2022-12-04,1,2.6,3.0,0.02765,0.04374,1e-12,2.76500000e-14,4.37400000e-14,0.44,OK,OK,,/eos/user/l/liushijie/Skymap/2021-03-08_2026-03-29_week/Loop90_2022-11-28_2022-12-04.root,/home/lhaaso/liushijie/QPO/JOBs_flux_strict_agn_week/fits/M87/week/2022-11-28_2022-12-04/out/ParRes.yaml,/home/lhaaso/liushijie/QPO/JOBs_flux_strict_agn_week/fits/M87/week/2022-11-28_2022-12-04/fit.log
M87,week,2022-12-05_2022-12-11,59921.50000000,2022-12-05,2022-12-11,1,2.6,3.0,0,0.07907,1e-12,0.00000000e+00,7.90700000e-14,-0,OK,OK,,/eos/user/l/liushijie/Skymap/2021-03-08_2026-03-29_week/Loop91_2022-12-05_2022-12-11.root,/home/lhaaso/liushijie/QPO/JOBs_flux_strict_agn_week/fits/M87/week/2022-12-05_2022-12-11/out/ParRes.yaml,/home/lhaaso/liushijie/QPO/JOBs_flux_strict_agn_week/fits/M87/week/2022-12-05_2022-12-11/fit.log
M87,week,2022-12-12_2022-12-18,59928.50000000,2022-12-12,2022-12-18,1,2.6,3.0,0.03488,0.03517,1e-12,3.48800000e-14,3.51700000e-14,1.27,OK,OK,,/eos/user/l/liushijie/Skymap/2021-03-08_2026-03-29_week/Loop92_2022-12-12_2022-12-18.root,/home/lhaaso/liushijie/QPO/JOBs_flux_strict_agn_week/fits/M87/week/2022-12-12_2022-12-18/out/ParRes.yaml,/home/lhaaso/liushijie/QPO/JOBs_flux_strict_agn_week/fits/M87/week/2022-12-12_2022-12-18/fit.log
M87,week,2022-12-19_2022-12-25,59935.50000000,2022-12-19,2022-12-25,1,2.6,3.0,0,0.22801,1e-12,0.00000000e+00,2.28010000e-13,-0,OK,OK,,/eos/user/l/liushijie/Skymap/2021-03-08_2026-03-29_week/Loop93_2022-12-19_2022-12-25.root,/home/lhaaso/liushijie/QPO/JOBs_flux_strict_agn_week/fits/M87/week/2022-12-19_2022-12-25/out/ParRes.yaml,/home/lhaaso/liushijie/QPO/JOBs_flux_strict_agn_week/fits/M87/week/2022-12-19_2022-12-25/fit.log
M87,week,2022-12-26_2023-01-01,59942.50000000,2022-12-26,2023-01-01,1,2.6,3.0,0.00474,0.1227,1e-12,4.74000000e-15,1.22700000e-13,0.01,OK,OK,,/eos/user/l/liushijie/Skymap/2021-03-08_2026-03-29_week/Loop94_2022-12-26_2023-01-01.root,/home/lhaaso/liushijie/QPO/JOBs_flux_strict_agn_week/fits/M87/week/2022-12-26_2023-01-01/out/ParRes.yaml,/home/lhaaso/liushijie/QPO/JOBs_flux_strict_agn_week/fits/M87/week/2022-12-26_2023-01-01/fit.log
M87,week,2023-01-02_2023-01-08,59949.50000000,2023-01-02,2023-01-08,1,2.6,3.0,0.02065,0.04731,1e-12,2.06500000e-14,4.73100000e-14,0.2,OK,OK,,/eos/user/l/liushijie/Skymap/2021-03-08_2026-03-29_week/Loop95_2023-01-02_2023-01-08.root,/home/lhaaso/liushijie/QPO/JOBs_flux_strict_agn_week/fits/M87/week/2023-01-02_2023-01-08/out/ParRes.yaml,/home/lhaaso/liushijie/QPO/JOBs_flux_strict_agn_week/fits/M87/week/2023-01-02_2023-01-08/fit.log
M87,week,2023-01-09_2023-01-15,59956.50000000,2023-01-09,2023-01-15,1,2.6,3.0,0.03456,0.04324,1e-12,3.45600000e-14,4.32400000e-14,0.73,OK,OK,,/eos/user/l/liushijie/Skymap/2021-03-08_2026-03-29_week/Loop96_2023-01-09_2023-01-15.root,/home/lhaaso/liushijie/QPO/JOBs_flux_strict_agn_week/fits/M87/week/2023-01-09_2023-01-15/out/ParRes.yaml,/home/lhaaso/liushijie/QPO/JOBs_flux_strict_agn_week/fits/M87/week/2023-01-09_2023-01-15/fit.log
M87,week,2023-01-16_2023-01-22,59963.50000000,2023-01-16,2023-01-22,1,2.6,3.0,0,0.01772,1e-12,0.00000000e+00,1.77200000e-14,-0,OK,OK,,/eos/user/l/liushijie/Skymap/2021-03-08_2026-03-29_week/Loop97_2023-01-16_2023-01-22.root,/home/lhaaso/liushijie/QPO/JOBs_flux_strict_agn_week/fits/M87/week/2023-01-16_2023-01-22/out/ParRes.yaml,/home/lhaaso/liushijie/QPO/JOBs_flux_strict_agn_week/fits/M87/week/2023-01-16_2023-01-22/fit.log
M87,week,2023-01-23_2023-01-29,59970.50000000,2023-01-23,2023-01-29,1,2.6,3.0,0.09437,0.04803,1e-12,9.43700000e-14,4.80300000e-14,4.99,OK,OK,,/eos/user/l/liushijie/Skymap/2021-03-08_2026-03-29_week/Loop98_2023-01-23_2023-01-29.root,/home/lhaaso/liushijie/QPO/JOBs_flux_strict_agn_week/fits/M87/week/2023-01-23_2023-01-29/out/ParRes.yaml,/home/lhaaso/liushijie/QPO/JOBs_flux_strict_agn_week/fits/M87/week/2023-01-23_2023-01-29/fit.log
M87,week,2023-01-30_2023-02-05,59977.50000000,2023-01-30,2023-02-05,1,2.6,3.0,0.15564,0.05668,1e-12,1.55640000e-13,5.66800000e-14,11.08,OK,OK,,/eos/user/l/liushijie/Skymap/2021-03-08_2026-03-29_week/Loop99_2023-01-30_2023-02-05.root,/home/lhaaso/liushijie/QPO/JOBs_flux_strict_agn_week/fits/M87/week/2023-01-30_2023-02-05/out/ParRes.yaml,/home/lhaaso/liushijie/QPO/JOBs_flux_strict_agn_week/fits/M87/week/2023-01-30_2023-02-05/fit.log
M87,week,2023-02-06_2023-02-12,59984.50000000,2023-02-06,2023-02-12,1,2.6,3.0,0.0382,0.03985,1e-12,3.82000000e-14,3.98500000e-14,1.11,OK,OK,,/eos/user/l/liushijie/Skymap/2021-03-08_2026-03-29_week/Loop100_2023-02-06_2023-02-12.root,/home/lhaaso/liushijie/QPO/JOBs_flux_strict_agn_week/fits/M87/week/2023-02-06_2023-02-12/out/ParRes.yaml,/home/lhaaso/liushijie/QPO/JOBs_flux_strict_agn_week/fits/M87/week/2023-02-06_2023-02-12/fit.log
M87,week,2023-02-13_2023-02-19,59991.50000000,2023-02-13,2023-02-19,1,2.6,3.0,0.08179,0.04989,1e-12,8.17900000e-14,4.98900000e-14,3.2,OK,OK,,/eos/user/l/liushijie/Skymap/2021-03-08_2026-03-29_week/Loop101_2023-02-13_2023-02-19.root,/home/lhaaso/liushijie/QPO/JOBs_flux_strict_agn_week/fits/M87/week/2023-02-13_2023-02-19/out/ParRes.yaml,/home/lhaaso/liushijie/QPO/JOBs_flux_strict_agn_week/fits/M87/week/2023-02-13_2023-02-19/fit.log
M87,week,2023-02-20_2023-02-26,59998.50000000,2023-02-20,2023-02-26,1,2.6,3.0,0.0647,0.05058,1e-12,6.47000000e-14,5.05800000e-14,1.87,OK,OK,,/eos/user/l/liushijie/Skymap/2021-03-08_2026-03-29_week/Loop102_2023-02-20_2023-02-26.root,/home/lhaaso/liushijie/QPO/JOBs_flux_strict_agn_week/fits/M87/week/2023-02-20_2023-02-26/out/ParRes.yaml,/home/lhaaso/liushijie/QPO/JOBs_flux_strict_agn_week/fits/M87/week/2023-02-20_2023-02-26/fit.log
M87,week,2023-02-27_2023-03-05,60005.50000000,2023-02-27,2023-03-05,1,2.6,3.0,0,0.02771,1e-12,0.00000000e+00,2.77100000e-14,-0,OK,OK,,/eos/user/l/liushijie/Skymap/2021-03-08_2026-03-29_week/Loop103_2023-02-27_2023-03-05.root,/home/lhaaso/liushijie/QPO/JOBs_flux_strict_agn_week/fits/M87/week/2023-02-27_2023-03-05/out/ParRes.yaml,/home/lhaaso/liushijie/QPO/JOBs_flux_strict_agn_week/fits/M87/week/2023-02-27_2023-03-05/fit.log
M87,week,2023-03-06_2023-03-12,60012.50000000,2023-03-06,2023-03-12,1,2.6,3.0,0.01851,0.03824,1e-12,1.85100000e-14,3.82400000e-14,0.27,OK,OK,,/eos/user/l/liushijie/Skymap/2021-03-08_2026-03-29_week/Loop104_2023-03-06_2023-03-12.root,/home/lhaaso/liushijie/QPO/JOBs_flux_strict_agn_week/fits/M87/week/2023-03-06_2023-03-12/out/ParRes.yaml,/home/lhaaso/liushijie/QPO/JOBs_flux_strict_agn_week/fits/M87/week/2023-03-06_2023-03-12/fit.log
M87,week,2023-03-13_2023-03-19,60019.50000000,2023-03-13,2023-03-19,1,2.6,3.0,0.07805,0.04923,1e-12,7.80500000e-14,4.92300000e-14,3.04,OK,OK,,/eos/user/l/liushijie/Skymap/2021-03-08_2026-03-29_week/Loop105_2023-03-13_2023-03-19.root,/home/lhaaso/liushijie/QPO/JOBs_flux_strict_agn_week/fits/M87/week/2023-03-13_2023-03-19/out/ParRes.yaml,/home/lhaaso/liushijie/QPO/JOBs_flux_strict_agn_week/fits/M87/week/2023-03-13_2023-03-19/fit.log
M87,week,2023-03-20_2023-03-26,60026.50000000,2023-03-20,2023-03-26,1,2.6,3.0,0.01759,0.04419,1e-12,1.75900000e-14,4.41900000e-14,0.17,OK,OK,,/eos/user/l/liushijie/Skymap/2021-03-08_2026-03-29_week/Loop106_2023-03-20_2023-03-26.root,/home/lhaaso/liushijie/QPO/JOBs_flux_strict_agn_week/fits/M87/week/2023-03-20_2023-03-26/out/ParRes.yaml,/home/lhaaso/liushijie/QPO/JOBs_flux_strict_agn_week/fits/M87/week/2023-03-20_2023-03-26/fit.log
M87,week,2023-03-27_2023-04-02,60033.50000000,2023-03-27,2023-04-02,1,2.6,3.0,0.01369,0.04621,1e-12,1.36900000e-14,4.62100000e-14,0.09,OK,OK,,/eos/user/l/liushijie/Skymap/2021-03-08_2026-03-29_week/Loop107_2023-03-27_2023-04-02.root,/home/lhaaso/liushijie/QPO/JOBs_flux_strict_agn_week/fits/M87/week/2023-03-27_2023-04-02/out/ParRes.yaml,/home/lhaaso/liushijie/QPO/JOBs_flux_strict_agn_week/fits/M87/week/2023-03-27_2023-04-02/fit.log
M87,week,2023-04-03_2023-04-09,60040.50000000,2023-04-03,2023-04-09,1,2.6,3.0,0.02031,0.04703,1e-12,2.03100000e-14,4.70300000e-14,0.2,OK,OK,,/eos/user/l/liushijie/Skymap/2021-03-08_2026-03-29_week/Loop108_2023-04-03_2023-04-09.root,/home/lhaaso/liushijie/QPO/JOBs_flux_strict_agn_week/fits/M87/week/2023-04-03_2023-04-09/out/ParRes.yaml,/home/lhaaso/liushijie/QPO/JOBs_flux_strict_agn_week/fits/M87/week/2023-04-03_2023-04-09/fit.log
M87,week,2023-04-10_2023-04-16,60047.50000000,2023-04-10,2023-04-16,1,2.6,3.0,0,0.02436,1e-12,0.00000000e+00,2.43600000e-14,-0,OK,OK,,/eos/user/l/liushijie/Skymap/2021-03-08_2026-03-29_week/Loop109_2023-04-10_2023-04-16.root,/home/lhaaso/liushijie/QPO/JOBs_flux_strict_agn_week/fits/M87/week/2023-04-10_2023-04-16/out/ParRes.yaml,/home/lhaaso/liushijie/QPO/JOBs_flux_strict_agn_week/fits/M87/week/2023-04-10_2023-04-16/fit.log
M87,week,2023-04-17_2023-04-23,60054.50000000,2023-04-17,2023-04-23,1,2.6,3.0,0.08404,0.04911,1e-12,8.40400000e-14,4.91100000e-14,3.69,OK,OK,,/eos/user/l/liushijie/Skymap/2021-03-08_2026-03-29_week/Loop110_2023-04-17_2023-04-23.root,/home/lhaaso/liushijie/QPO/JOBs_flux_strict_agn_week/fits/M87/week/2023-04-17_2023-04-23/out/ParRes.yaml,/home/lhaaso/liushijie/QPO/JOBs_flux_strict_agn_week/fits/M87/week/2023-04-17_2023-04-23/fit.log
M87,week,2023-04-24_2023-04-30,60061.50000000,2023-04-24,2023-04-30,1,2.6,3.0,0.10097,0.04937,1e-12,1.00970000e-13,4.93700000e-14,5.72,OK,OK,,/eos/user/l/liushijie/Skymap/2021-03-08_2026-03-29_week/Loop111_2023-04-24_2023-04-30.root,/home/lhaaso/liushijie/QPO/JOBs_flux_strict_agn_week/fits/M87/week/2023-04-24_2023-04-30/out/ParRes.yaml,/home/lhaaso/liushijie/QPO/JOBs_flux_strict_agn_week/fits/M87/week/2023-04-24_2023-04-30/fit.log
M87,week,2023-05-01_2023-05-07,60068.50000000,2023-05-01,2023-05-07,1,2.6,3.0,0,0.23322,1e-12,0.00000000e+00,2.33220000e-13,-0,OK,OK,,/eos/user/l/liushijie/Skymap/2021-03-08_2026-03-29_week/Loop112_2023-05-01_2023-05-07.root,/home/lhaaso/liushijie/QPO/JOBs_flux_strict_agn_week/fits/M87/week/2023-05-01_2023-05-07/out/ParRes.yaml,/home/lhaaso/liushijie/QPO/JOBs_flux_strict_agn_week/fits/M87/week/2023-05-01_2023-05-07/fit.log
M87,week,2023-05-08_2023-05-14,60075.50000000,2023-05-08,2023-05-14,1,2.6,3.0,0.0564,0.04903,1e-12,5.64000000e-14,4.90300000e-14,1.52,OK,OK,,/eos/user/l/liushijie/Skymap/2021-03-08_2026-03-29_week/Loop113_2023-05-08_2023-05-14.root,/home/lhaaso/liushijie/QPO/JOBs_flux_strict_agn_week/fits/M87/week/2023-05-08_2023-05-14/out/ParRes.yaml,/home/lhaaso/liushijie/QPO/JOBs_flux_strict_agn_week/fits/M87/week/2023-05-08_2023-05-14/fit.log
M87,week,2023-05-15_2023-05-21,60082.50000000,2023-05-15,2023-05-21,1,2.6,3.0,0,0.1274,1e-12,0.00000000e+00,1.27400000e-13,-0,OK,OK,,/eos/user/l/liushijie/Skymap/2021-03-08_2026-03-29_week/Loop114_2023-05-15_2023-05-21.root,/home/lhaaso/liushijie/QPO/JOBs_flux_strict_agn_week/fits/M87/week/2023-05-15_2023-05-21/out/ParRes.yaml,/home/lhaaso/liushijie/QPO/JOBs_flux_strict_agn_week/fits/M87/week/2023-05-15_2023-05-21/fit.log
M87,week,2023-05-22_2023-05-28,60089.50000000,2023-05-22,2023-05-28,1,2.6,3.0,0.01472,0.04016,1e-12,1.47200000e-14,4.01600000e-14,0.14,OK,OK,,/eos/user/l/liushijie/Skymap/2021-03-08_2026-03-29_week/Loop115_2023-05-22_2023-05-28.root,/home/lhaaso/liushijie/QPO/JOBs_flux_strict_agn_week/fits/M87/week/2023-05-22_2023-05-28/out/ParRes.yaml,/home/lhaaso/liushijie/QPO/JOBs_flux_strict_agn_week/fits/M87/week/2023-05-22_2023-05-28/fit.log
M87,week,2023-05-29_2023-06-04,60096.50000000,2023-05-29,2023-06-04,1,2.6,3.0,0,0.01716,1e-12,0.00000000e+00,1.71600000e-14,-0,OK,OK,,/eos/user/l/liushijie/Skymap/2021-03-08_2026-03-29_week/Loop116_2023-05-29_2023-06-04.root,/home/lhaaso/liushijie/QPO/JOBs_flux_strict_agn_week/fits/M87/week/2023-05-29_2023-06-04/out/ParRes.yaml,/home/lhaaso/liushijie/QPO/JOBs_flux_strict_agn_week/fits/M87/week/2023-05-29_2023-06-04/fit.log
M87,week,2023-06-05_2023-06-11,60103.50000000,2023-06-05,2023-06-11,1,2.6,3.0,0.02138,0.03702,1e-12,2.13800000e-14,3.70200000e-14,0.39,OK,OK,,/eos/user/l/liushijie/Skymap/2021-03-08_2026-03-29_week/Loop117_2023-06-05_2023-06-11.root,/home/lhaaso/liushijie/QPO/JOBs_flux_strict_agn_week/fits/M87/week/2023-06-05_2023-06-11/out/ParRes.yaml,/home/lhaaso/liushijie/QPO/JOBs_flux_strict_agn_week/fits/M87/week/2023-06-05_2023-06-11/fit.log
M87,week,2023-06-12_2023-06-18,60110.50000000,2023-06-12,2023-06-18,1,2.6,3.0,0.04919,0.04011,1e-12,4.91900000e-14,4.01100000e-14,1.94,OK,OK,,/eos/user/l/liushijie/Skymap/2021-03-08_2026-03-29_week/Loop118_2023-06-12_2023-06-18.root,/home/lhaaso/liushijie/QPO/JOBs_flux_strict_agn_week/fits/M87/week/2023-06-12_2023-06-18/out/ParRes.yaml,/home/lhaaso/liushijie/QPO/JOBs_flux_strict_agn_week/fits/M87/week/2023-06-12_2023-06-18/fit.log
M87,week,2023-06-19_2023-06-25,60117.50000000,2023-06-19,2023-06-25,1,2.6,3.0,0.03617,0.04674,1e-12,3.61700000e-14,4.67400000e-14,0.64,OK,OK,,/eos/user/l/liushijie/Skymap/2021-03-08_2026-03-29_week/Loop119_2023-06-19_2023-06-25.root,/home/lhaaso/liushijie/QPO/JOBs_flux_strict_agn_week/fits/M87/week/2023-06-19_2023-06-25/out/ParRes.yaml,/home/lhaaso/liushijie/QPO/JOBs_flux_strict_agn_week/fits/M87/week/2023-06-19_2023-06-25/fit.log
M87,week,2023-06-26_2023-07-02,60124.50000000,2023-06-26,2023-07-02,1,2.6,3.0,0,0.03061,1e-12,0.00000000e+00,3.06100000e-14,-0,OK,OK,,/eos/user/l/liushijie/Skymap/2021-03-08_2026-03-29_week/Loop120_2023-06-26_2023-07-02.root,/home/lhaaso/liushijie/QPO/JOBs_flux_strict_agn_week/fits/M87/week/2023-06-26_2023-07-02/out/ParRes.yaml,/home/lhaaso/liushijie/QPO/JOBs_flux_strict_agn_week/fits/M87/week/2023-06-26_2023-07-02/fit.log
M87,week,2023-07-03_2023-07-09,60131.50000000,2023-07-03,2023-07-09,1,2.6,3.0,0.01536,0.006,1e-12,1.53600000e-14,6.00000000e-15,0.12,OK,OK,,/eos/user/l/liushijie/Skymap/2021-03-08_2026-03-29_week/Loop121_2023-07-03_2023-07-09.root,/home/lhaaso/liushijie/QPO/JOBs_flux_strict_agn_week/fits/M87/week/2023-07-03_2023-07-09/out/ParRes.yaml,/home/lhaaso/liushijie/QPO/JOBs_flux_strict_agn_week/fits/M87/week/2023-07-03_2023-07-09/fit.log
M87,week,2023-07-10_2023-07-16,60138.50000000,2023-07-10,2023-07-16,1,2.6,3.0,0.03399,0.04196,1e-12,3.39900000e-14,4.19600000e-14,0.73,OK,OK,,/eos/user/l/liushijie/Skymap/2021-03-08_2026-03-29_week/Loop122_2023-07-10_2023-07-16.root,/home/lhaaso/liushijie/QPO/JOBs_flux_strict_agn_week/fits/M87/week/2023-07-10_2023-07-16/out/ParRes.yaml,/home/lhaaso/liushijie/QPO/JOBs_flux_strict_agn_week/fits/M87/week/2023-07-10_2023-07-16/fit.log
M87,week,2023-07-17_2023-07-23,60145.50000000,2023-07-17,2023-07-23,1,2.6,3.0,0,0.03081,1e-12,0.00000000e+00,3.08100000e-14,-0,OK,OK,,/eos/user/l/liushijie/Skymap/2021-03-08_2026-03-29_week/Loop123_2023-07-17_2023-07-23.root,/home/lhaaso/liushijie/QPO/JOBs_flux_strict_agn_week/fits/M87/week/2023-07-17_2023-07-23/out/ParRes.yaml,/home/lhaaso/liushijie/QPO/JOBs_flux_strict_agn_week/fits/M87/week/2023-07-17_2023-07-23/fit.log
M87,week,2023-07-24_2023-07-30,60152.50000000,2023-07-24,2023-07-30,1,2.6,3.0,0,0.06965,1e-12,0.00000000e+00,6.96500000e-14,-0,OK,OK,,/eos/user/l/liushijie/Skymap/2021-03-08_2026-03-29_week/Loop124_2023-07-24_2023-07-30.root,/home/lhaaso/liushijie/QPO/JOBs_flux_strict_agn_week/fits/M87/week/2023-07-24_2023-07-30/out/ParRes.yaml,/home/lhaaso/liushijie/QPO/JOBs_flux_strict_agn_week/fits/M87/week/2023-07-24_2023-07-30/fit.log
M87,week,2023-07-31_2023-08-06,60159.50000000,2023-07-31,2023-08-06,1,2.6,3.0,0,0.015,1e-12,0.00000000e+00,1.50000000e-14,-0,OK,OK,,/eos/user/l/liushijie/Skymap/2021-03-08_2026-03-29_week/Loop125_2023-07-31_2023-08-06.root,/home/lhaaso/liushijie/QPO/JOBs_flux_strict_agn_week/fits/M87/week/2023-07-31_2023-08-06/out/ParRes.yaml,/home/lhaaso/liushijie/QPO/JOBs_flux_strict_agn_week/fits/M87/week/2023-07-31_2023-08-06/fit.log
M87,week,2023-08-07_2023-08-13,60166.50000000,2023-08-07,2023-08-13,1,2.6,3.0,0,0.0169,1e-12,0.00000000e+00,1.69000000e-14,-0,OK,OK,,/eos/user/l/liushijie/Skymap/2021-03-08_2026-03-29_week/Loop126_2023-08-07_2023-08-13.root,/home/lhaaso/liushijie/QPO/JOBs_flux_strict_agn_week/fits/M87/week/2023-08-07_2023-08-13/out/ParRes.yaml,/home/lhaaso/liushijie/QPO/JOBs_flux_strict_agn_week/fits/M87/week/2023-08-07_2023-08-13/fit.log
M87,week,2023-08-14_2023-08-20,60173.50000000,2023-08-14,2023-08-20,1,2.6,3.0,0.04574,0.08571,1e-12,4.57400000e-14,8.57100000e-14,0.3,OK,OK,,/eos/user/l/liushijie/Skymap/2021-03-08_2026-03-29_week/Loop127_2023-08-14_2023-08-20.root,/home/lhaaso/liushijie/QPO/JOBs_flux_strict_agn_week/fits/M87/week/2023-08-14_2023-08-20/out/ParRes.yaml,/home/lhaaso/liushijie/QPO/JOBs_flux_strict_agn_week/fits/M87/week/2023-08-14_2023-08-20/fit.log
M87,week,2023-08-21_2023-08-27,60180.50000000,2023-08-21,2023-08-27,1,2.6,3.0,0.03176,0.05209,1e-12,3.17600000e-14,5.20900000e-14,0.4,OK,OK,,/eos/user/l/liushijie/Skymap/2021-03-08_2026-03-29_week/Loop128_2023-08-21_2023-08-27.root,/home/lhaaso/liushijie/QPO/JOBs_flux_strict_agn_week/fits/M87/week/2023-08-21_2023-08-27/out/ParRes.yaml,/home/lhaaso/liushijie/QPO/JOBs_flux_strict_agn_week/fits/M87/week/2023-08-21_2023-08-27/fit.log
M87,week,2023-08-28_2023-09-03,60187.50000000,2023-08-28,2023-09-03,1,2.6,3.0,0.01568,0.0511,1e-12,1.56800000e-14,5.11000000e-14,0.1,OK,OK,,/eos/user/l/liushijie/Skymap/2021-03-08_2026-03-29_week/Loop129_2023-08-28_2023-09-03.root,/home/lhaaso/liushijie/QPO/JOBs_flux_strict_agn_week/fits/M87/week/2023-08-28_2023-09-03/out/ParRes.yaml,/home/lhaaso/liushijie/QPO/JOBs_flux_strict_agn_week/fits/M87/week/2023-08-28_2023-09-03/fit.log
M87,week,2023-09-04_2023-09-10,60194.50000000,2023-09-04,2023-09-10,1,2.6,3.0,0.00912,0.03128,1e-12,9.12000000e-15,3.12800000e-14,0.09,OK,OK,,/eos/user/l/liushijie/Skymap/2021-03-08_2026-03-29_week/Loop130_2023-09-04_2023-09-10.root,/home/lhaaso/liushijie/QPO/JOBs_flux_strict_agn_week/fits/M87/week/2023-09-04_2023-09-10/out/ParRes.yaml,/home/lhaaso/liushijie/QPO/JOBs_flux_strict_agn_week/fits/M87/week/2023-09-04_2023-09-10/fit.log
M87,week,2023-09-11_2023-09-17,60201.50000000,2023-09-11,2023-09-17,1,2.6,3.0,0.02291,0.03457,1e-12,2.29100000e-14,3.45700000e-14,0.56,OK,OK,,/eos/user/l/liushijie/Skymap/2021-03-08_2026-03-29_week/Loop131_2023-09-11_2023-09-17.root,/home/lhaaso/liushijie/QPO/JOBs_flux_strict_agn_week/fits/M87/week/2023-09-11_2023-09-17/out/ParRes.yaml,/home/lhaaso/liushijie/QPO/JOBs_flux_strict_agn_week/fits/M87/week/2023-09-11_2023-09-17/fit.log
M87,week,2023-09-18_2023-09-24,60208.50000000,2023-09-18,2023-09-24,1,2.6,3.0,0.01647,0.03666,1e-12,1.64700000e-14,3.66600000e-14,0.24,OK,OK,,/eos/user/l/liushijie/Skymap/2021-03-08_2026-03-29_week/Loop132_2023-09-18_2023-09-24.root,/home/lhaaso/liushijie/QPO/JOBs_flux_strict_agn_week/fits/M87/week/2023-09-18_2023-09-24/out/ParRes.yaml,/home/lhaaso/liushijie/QPO/JOBs_flux_strict_agn_week/fits/M87/week/2023-09-18_2023-09-24/fit.log
M87,week,2023-09-25_2023-10-01,60215.50000000,2023-09-25,2023-10-01,1,2.6,3.0,0.05102,0.04579,1e-12,5.10200000e-14,4.57900000e-14,1.52,OK,OK,,/eos/user/l/liushijie/Skymap/2021-03-08_2026-03-29_week/Loop133_2023-09-25_2023-10-01.root,/home/lhaaso/liushijie/QPO/JOBs_flux_strict_agn_week/fits/M87/week/2023-09-25_2023-10-01/out/ParRes.yaml,/home/lhaaso/liushijie/QPO/JOBs_flux_strict_agn_week/fits/M87/week/2023-09-25_2023-10-01/fit.log
M87,week,2023-10-02_2023-10-08,60222.50000000,2023-10-02,2023-10-08,1,2.6,3.0,0.01855,0.04752,1e-12,1.85500000e-14,4.75200000e-14,0.16,OK,OK,,/eos/user/l/liushijie/Skymap/2021-03-08_2026-03-29_week/Loop134_2023-10-02_2023-10-08.root,/home/lhaaso/liushijie/QPO/JOBs_flux_strict_agn_week/fits/M87/week/2023-10-02_2023-10-08/out/ParRes.yaml,/home/lhaaso/liushijie/QPO/JOBs_flux_strict_agn_week/fits/M87/week/2023-10-02_2023-10-08/fit.log
M87,week,2023-10-09_2023-10-15,60229.50000000,2023-10-09,2023-10-15,1,2.6,3.0,0,0.19178,1e-12,0.00000000e+00,1.91780000e-13,-0,OK,OK,,/eos/user/l/liushijie/Skymap/2021-03-08_2026-03-29_week/Loop135_2023-10-09_2023-10-15.root,/home/lhaaso/liushijie/QPO/JOBs_flux_strict_agn_week/fits/M87/week/2023-10-09_2023-10-15/out/ParRes.yaml,/home/lhaaso/liushijie/QPO/JOBs_flux_strict_agn_week/fits/M87/week/2023-10-09_2023-10-15/fit.log
M87,week,2023-10-16_2023-10-22,60236.50000000,2023-10-16,2023-10-22,1,2.6,3.0,0.06876,0.04116,1e-12,6.87600000e-14,4.11600000e-14,4.73,OK,OK,,/eos/user/l/liushijie/Skymap/2021-03-08_2026-03-29_week/Loop136_2023-10-16_2023-10-22.root,/home/lhaaso/liushijie/QPO/JOBs_flux_strict_agn_week/fits/M87/week/2023-10-16_2023-10-22/out/ParRes.yaml,/home/lhaaso/liushijie/QPO/JOBs_flux_strict_agn_week/fits/M87/week/2023-10-16_2023-10-22/fit.log
M87,week,2023-10-23_2023-10-29,60243.50000000,2023-10-23,2023-10-29,1,2.6,3.0,0.01759,0.03932,1e-12,1.75900000e-14,3.93200000e-14,0.23,OK,OK,,/eos/user/l/liushijie/Skymap/2021-03-08_2026-03-29_week/Loop137_2023-10-23_2023-10-29.root,/home/lhaaso/liushijie/QPO/JOBs_flux_strict_agn_week/fits/M87/week/2023-10-23_2023-10-29/out/ParRes.yaml,/home/lhaaso/liushijie/QPO/JOBs_flux_strict_agn_week/fits/M87/week/2023-10-23_2023-10-29/fit.log
M87,week,2023-10-30_2023-11-05,60250.50000000,2023-10-30,2023-11-05,1,2.6,3.0,0.10804,0.17324,1e-12,1.08040000e-13,1.73240000e-13,0.47,OK,OK,,/eos/user/l/liushijie/Skymap/2021-03-08_2026-03-29_week/Loop138_2023-10-30_2023-11-05.root,/home/lhaaso/liushijie/QPO/JOBs_flux_strict_agn_week/fits/M87/week/2023-10-30_2023-11-05/out/ParRes.yaml,/home/lhaaso/liushijie/QPO/JOBs_flux_strict_agn_week/fits/M87/week/2023-10-30_2023-11-05/fit.log
M87,week,2023-11-06_2023-11-12,60257.50000000,2023-11-06,2023-11-12,1,2.6,3.0,0.00613,0.09016,1e-12,6.13000000e-15,9.01600000e-14,0.02,OK,OK,,/eos/user/l/liushijie/Skymap/2021-03-08_2026-03-29_week/Loop139_2023-11-06_2023-11-12.root,/home/lhaaso/liushijie/QPO/JOBs_flux_strict_agn_week/fits/M87/week/2023-11-06_2023-11-12/out/ParRes.yaml,/home/lhaaso/liushijie/QPO/JOBs_flux_strict_agn_week/fits/M87/week/2023-11-06_2023-11-12/fit.log
M87,week,2023-11-13_2023-11-19,60264.50000000,2023-11-13,2023-11-19,1,2.6,3.0,0,0.09137,1e-12,0.00000000e+00,9.13700000e-14,-0,OK,OK,,/eos/user/l/liushijie/Skymap/2021-03-08_2026-03-29_week/Loop140_2023-11-13_2023-11-19.root,/home/lhaaso/liushijie/QPO/JOBs_flux_strict_agn_week/fits/M87/week/2023-11-13_2023-11-19/out/ParRes.yaml,/home/lhaaso/liushijie/QPO/JOBs_flux_strict_agn_week/fits/M87/week/2023-11-13_2023-11-19/fit.log
M87,week,2023-11-20_2023-11-26,60271.50000000,2023-11-20,2023-11-26,1,2.6,3.0,0,0.07985,1e-12,0.00000000e+00,7.98500000e-14,-0,OK,OK,,/eos/user/l/liushijie/Skymap/2021-03-08_2026-03-29_week/Loop141_2023-11-20_2023-11-26.root,/home/lhaaso/liushijie/QPO/JOBs_flux_strict_agn_week/fits/M87/week/2023-11-20_2023-11-26/out/ParRes.yaml,/home/lhaaso/liushijie/QPO/JOBs_flux_strict_agn_week/fits/M87/week/2023-11-20_2023-11-26/fit.log
M87,week,2023-11-27_2023-12-03,60278.50000000,2023-11-27,2023-12-03,1,2.6,3.0,0.02342,0.04961,1e-12,2.34200000e-14,4.96100000e-14,0.24,OK,OK,,/eos/user/l/liushijie/Skymap/2021-03-08_2026-03-29_week/Loop142_2023-11-27_2023-12-03.root,/home/lhaaso/liushijie/QPO/JOBs_flux_strict_agn_week/fits/M87/week/2023-11-27_2023-12-03/out/ParRes.yaml,/home/lhaaso/liushijie/QPO/JOBs_flux_strict_agn_week/fits/M87/week/2023-11-27_2023-12-03/fit.log
M87,week,2023-12-04_2023-12-10,60285.50000000,2023-12-04,2023-12-10,1,2.6,3.0,0,0.01122,1e-12,0.00000000e+00,1.12200000e-14,-0,OK,OK,,/eos/user/l/liushijie/Skymap/2021-03-08_2026-03-29_week/Loop143_2023-12-04_2023-12-10.root,/home/lhaaso/liushijie/QPO/JOBs_flux_strict_agn_week/fits/M87/week/2023-12-04_2023-12-10/out/ParRes.yaml,/home/lhaaso/liushijie/QPO/JOBs_flux_strict_agn_week/fits/M87/week/2023-12-04_2023-12-10/fit.log
M87,week,2023-12-11_2023-12-17,60292.50000000,2023-12-11,2023-12-17,1,2.6,3.0,0.06927,0.04633,1e-12,6.92700000e-14,4.63300000e-14,2.64,OK,OK,,/eos/user/l/liushijie/Skymap/2021-03-08_2026-03-29_week/Loop144_2023-12-11_2023-12-17.root,/home/lhaaso/liushijie/QPO/JOBs_flux_strict_agn_week/fits/M87/week/2023-12-11_2023-12-17/out/ParRes.yaml,/home/lhaaso/liushijie/QPO/JOBs_flux_strict_agn_week/fits/M87/week/2023-12-11_2023-12-17/fit.log
M87,week,2023-12-18_2023-12-24,60299.50000000,2023-12-18,2023-12-24,1,2.6,3.0,0.11142,0.05271,1e-12,1.11420000e-13,5.27100000e-14,6.13,OK,OK,,/eos/user/l/liushijie/Skymap/2021-03-08_2026-03-29_week/Loop145_2023-12-18_2023-12-24.root,/home/lhaaso/liushijie/QPO/JOBs_flux_strict_agn_week/fits/M87/week/2023-12-18_2023-12-24/out/ParRes.yaml,/home/lhaaso/liushijie/QPO/JOBs_flux_strict_agn_week/fits/M87/week/2023-12-18_2023-12-24/fit.log
M87,week,2023-12-25_2023-12-31,60306.50000000,2023-12-25,2023-12-31,1,2.6,3.0,0.01163,0.03171,1e-12,1.16300000e-14,3.17100000e-14,0.15,OK,OK,,/eos/user/l/liushijie/Skymap/2021-03-08_2026-03-29_week/Loop146_2023-12-25_2023-12-31.root,/home/lhaaso/liushijie/QPO/JOBs_flux_strict_agn_week/fits/M87/week/2023-12-25_2023-12-31/out/ParRes.yaml,/home/lhaaso/liushijie/QPO/JOBs_flux_strict_agn_week/fits/M87/week/2023-12-25_2023-12-31/fit.log
M87,week,2024-01-01_2024-01-07,60313.50000000,2024-01-01,2024-01-07,1,2.6,3.0,0.02226,0.0471,1e-12,2.22600000e-14,4.71000000e-14,0.24,OK,OK,,/eos/user/l/liushijie/Skymap/2021-03-08_2026-03-29_week/Loop147_2024-01-01_2024-01-07.root,/home/lhaaso/liushijie/QPO/JOBs_flux_strict_agn_week/fits/M87/week/2024-01-01_2024-01-07/out/ParRes.yaml,/home/lhaaso/liushijie/QPO/JOBs_flux_strict_agn_week/fits/M87/week/2024-01-01_2024-01-07/fit.log
M87,week,2024-01-08_2024-01-14,60320.50000000,2024-01-08,2024-01-14,1,2.6,3.0,0,0.09217,1e-12,0.00000000e+00,9.21700000e-14,-0,OK,OK,,/eos/user/l/liushijie/Skymap/2021-03-08_2026-03-29_week/Loop148_2024-01-08_2024-01-14.root,/home/lhaaso/liushijie/QPO/JOBs_flux_strict_agn_week/fits/M87/week/2024-01-08_2024-01-14/out/ParRes.yaml,/home/lhaaso/liushijie/QPO/JOBs_flux_strict_agn_week/fits/M87/week/2024-01-08_2024-01-14/fit.log
M87,week,2024-01-15_2024-01-21,60327.50000000,2024-01-15,2024-01-21,1,2.6,3.0,0,0.05,1e-12,0.00000000e+00,5.00000000e-14,-0,OK,OK,,/eos/user/l/liushijie/Skymap/2021-03-08_2026-03-29_week/Loop149_2024-01-15_2024-01-21.root,/home/lhaaso/liushijie/QPO/JOBs_flux_strict_agn_week/fits/M87/week/2024-01-15_2024-01-21/out/ParRes.yaml,/home/lhaaso/liushijie/QPO/JOBs_flux_strict_agn_week/fits/M87/week/2024-01-15_2024-01-21/fit.log
M87,week,2024-01-22_2024-01-28,60334.50000000,2024-01-22,2024-01-28,1,2.6,3.0,0.05653,0.04783,1e-12,5.65300000e-14,4.78300000e-14,1.63,OK,OK,,/eos/user/l/liushijie/Skymap/2021-03-08_2026-03-29_week/Loop150_2024-01-22_2024-01-28.root,/home/lhaaso/liushijie/QPO/JOBs_flux_strict_agn_week/fits/M87/week/2024-01-22_2024-01-28/out/ParRes.yaml,/home/lhaaso/liushijie/QPO/JOBs_flux_strict_agn_week/fits/M87/week/2024-01-22_2024-01-28/fit.log
M87,week,2024-01-29_2024-02-04,60341.50000000,2024-01-29,2024-02-04,1,2.6,3.0,0.00582,0.04467,1e-12,5.82000000e-15,4.46700000e-14,0.03,OK,OK,,/eos/user/l/liushijie/Skymap/2021-03-08_2026-03-29_week/Loop151_2024-01-29_2024-02-04.root,/home/lhaaso/liushijie/QPO/JOBs_flux_strict_agn_week/fits/M87/week/2024-01-29_2024-02-04/out/ParRes.yaml,/home/lhaaso/liushijie/QPO/JOBs_flux_strict_agn_week/fits/M87/week/2024-01-29_2024-02-04/fit.log
M87,week,2024-02-05_2024-02-11,60348.50000000,2024-02-05,2024-02-11,1,2.6,3.0,0.12145,0.05049,1e-12,1.21450000e-13,5.04900000e-14,8.1,OK,OK,,/eos/user/l/liushijie/Skymap/2021-03-08_2026-03-29_week/Loop152_2024-02-05_2024-02-11.root,/home/lhaaso/liushijie/QPO/JOBs_flux_strict_agn_week/fits/M87/week/2024-02-05_2024-02-11/out/ParRes.yaml,/home/lhaaso/liushijie/QPO/JOBs_flux_strict_agn_week/fits/M87/week/2024-02-05_2024-02-11/fit.log
M87,week,2024-02-12_2024-02-18,60355.50000000,2024-02-12,2024-02-18,1,2.6,3.0,0.025,0.04632,1e-12,2.50000000e-14,4.63200000e-14,0.31,OK,OK,,/eos/user/l/liushijie/Skymap/2021-03-08_2026-03-29_week/Loop153_2024-02-12_2024-02-18.root,/home/lhaaso/liushijie/QPO/JOBs_flux_strict_agn_week/fits/M87/week/2024-02-12_2024-02-18/out/ParRes.yaml,/home/lhaaso/liushijie/QPO/JOBs_flux_strict_agn_week/fits/M87/week/2024-02-12_2024-02-18/fit.log
M87,week,2024-02-19_2024-02-25,60362.50000000,2024-02-19,2024-02-25,1,2.6,3.0,0.04505,0.04563,1e-12,4.50500000e-14,4.56300000e-14,1.21,OK,OK,,/eos/user/l/liushijie/Skymap/2021-03-08_2026-03-29_week/Loop154_2024-02-19_2024-02-25.root,/home/lhaaso/liushijie/QPO/JOBs_flux_strict_agn_week/fits/M87/week/2024-02-19_2024-02-25/out/ParRes.yaml,/home/lhaaso/liushijie/QPO/JOBs_flux_strict_agn_week/fits/M87/week/2024-02-19_2024-02-25/fit.log
M87,week,2024-02-26_2024-03-03,60369.50000000,2024-02-26,2024-03-03,1,2.6,3.0,0.08105,0.05024,1e-12,8.10500000e-14,5.02400000e-14,3.14,OK,OK,,/eos/user/l/liushijie/Skymap/2021-03-08_2026-03-29_week/Loop155_2024-02-26_2024-03-03.root,/home/lhaaso/liushijie/QPO/JOBs_flux_strict_agn_week/fits/M87/week/2024-02-26_2024-03-03/out/ParRes.yaml,/home/lhaaso/liushijie/QPO/JOBs_flux_strict_agn_week/fits/M87/week/2024-02-26_2024-03-03/fit.log
M87,week,2024-03-04_2024-03-10,60376.50000000,2024-03-04,2024-03-10,1,2.6,3.0,0.00865,0.03316,1e-12,8.65000000e-15,3.31600000e-14,0.07,OK,OK,,/eos/user/l/liushijie/Skymap/2021-03-08_2026-03-29_week/Loop156_2024-03-04_2024-03-10.root,/home/lhaaso/liushijie/QPO/JOBs_flux_strict_agn_week/fits/M87/week/2024-03-04_2024-03-10/out/ParRes.yaml,/home/lhaaso/liushijie/QPO/JOBs_flux_strict_agn_week/fits/M87/week/2024-03-04_2024-03-10/fit.log
M87,week,2024-03-11_2024-03-17,60383.50000000,2024-03-11,2024-03-17,1,2.6,3.0,0.08672,0.04418,1e-12,8.67200000e-14,4.41800000e-14,4.93,OK,OK,,/eos/user/l/liushijie/Skymap/2021-03-08_2026-03-29_week/Loop157_2024-03-11_2024-03-17.root,/home/lhaaso/liushijie/QPO/JOBs_flux_strict_agn_week/fits/M87/week/2024-03-11_2024-03-17/out/ParRes.yaml,/home/lhaaso/liushijie/QPO/JOBs_flux_strict_agn_week/fits/M87/week/2024-03-11_2024-03-17/fit.log
M87,week,2024-03-18_2024-03-24,60390.50000000,2024-03-18,2024-03-24,1,2.6,3.0,0,0.05186,1e-12,0.00000000e+00,5.18600000e-14,-0,OK,OK,,/eos/user/l/liushijie/Skymap/2021-03-08_2026-03-29_week/Loop158_2024-03-18_2024-03-24.root,/home/lhaaso/liushijie/QPO/JOBs_flux_strict_agn_week/fits/M87/week/2024-03-18_2024-03-24/out/ParRes.yaml,/home/lhaaso/liushijie/QPO/JOBs_flux_strict_agn_week/fits/M87/week/2024-03-18_2024-03-24/fit.log
M87,week,2024-03-25_2024-03-31,60397.50000000,2024-03-25,2024-03-31,1,2.6,3.0,0.03154,0.03845,1e-12,3.15400000e-14,3.84500000e-14,0.9,OK,OK,,/eos/user/l/liushijie/Skymap/2021-03-08_2026-03-29_week/Loop159_2024-03-25_2024-03-31.root,/home/lhaaso/liushijie/QPO/JOBs_flux_strict_agn_week/fits/M87/week/2024-03-25_2024-03-31/out/ParRes.yaml,/home/lhaaso/liushijie/QPO/JOBs_flux_strict_agn_week/fits/M87/week/2024-03-25_2024-03-31/fit.log
M87,week,2024-04-01_2024-04-07,60404.50000000,2024-04-01,2024-04-07,1,2.6,3.0,0.01457,0.04444,1e-12,1.45700000e-14,4.44400000e-14,0.11,OK,OK,,/eos/user/l/liushijie/Skymap/2021-03-08_2026-03-29_week/Loop160_2024-04-01_2024-04-07.root,/home/lhaaso/liushijie/QPO/JOBs_flux_strict_agn_week/fits/M87/week/2024-04-01_2024-04-07/out/ParRes.yaml,/home/lhaaso/liushijie/QPO/JOBs_flux_strict_agn_week/fits/M87/week/2024-04-01_2024-04-07/fit.log
M87,week,2024-04-08_2024-04-14,60411.50000000,2024-04-08,2024-04-14,1,2.6,3.0,0.02842,0.04226,1e-12,2.84200000e-14,4.22600000e-14,0.52,OK,OK,,/eos/user/l/liushijie/Skymap/2021-03-08_2026-03-29_week/Loop161_2024-04-08_2024-04-14.root,/home/lhaaso/liushijie/QPO/JOBs_flux_strict_agn_week/fits/M87/week/2024-04-08_2024-04-14/out/ParRes.yaml,/home/lhaaso/liushijie/QPO/JOBs_flux_strict_agn_week/fits/M87/week/2024-04-08_2024-04-14/fit.log
M87,week,2024-04-15_2024-04-21,60418.50000000,2024-04-15,2024-04-21,1,2.6,3.0,0.04797,0.04384,1e-12,4.79700000e-14,4.38400000e-14,1.45,OK,OK,,/eos/user/l/liushijie/Skymap/2021-03-08_2026-03-29_week/Loop162_2024-04-15_2024-04-21.root,/home/lhaaso/liushijie/QPO/JOBs_flux_strict_agn_week/fits/M87/week/2024-04-15_2024-04-21/out/ParRes.yaml,/home/lhaaso/liushijie/QPO/JOBs_flux_strict_agn_week/fits/M87/week/2024-04-15_2024-04-21/fit.log
M87,week,2024-04-22_2024-04-28,60425.50000000,2024-04-22,2024-04-28,1,2.6,3.0,0,0.02031,1e-12,0.00000000e+00,2.03100000e-14,-0,OK,OK,,/eos/user/l/liushijie/Skymap/2021-03-08_2026-03-29_week/Loop163_2024-04-22_2024-04-28.root,/home/lhaaso/liushijie/QPO/JOBs_flux_strict_agn_week/fits/M87/week/2024-04-22_2024-04-28/out/ParRes.yaml,/home/lhaaso/liushijie/QPO/JOBs_flux_strict_agn_week/fits/M87/week/2024-04-22_2024-04-28/fit.log
M87,week,2024-04-29_2024-05-05,60432.50000000,2024-04-29,2024-05-05,1,2.6,3.0,0,0.01673,1e-12,0.00000000e+00,1.67300000e-14,-0,OK,OK,,/eos/user/l/liushijie/Skymap/2021-03-08_2026-03-29_week/Loop164_2024-04-29_2024-05-05.root,/home/lhaaso/liushijie/QPO/JOBs_flux_strict_agn_week/fits/M87/week/2024-04-29_2024-05-05/out/ParRes.yaml,/home/lhaaso/liushijie/QPO/JOBs_flux_strict_agn_week/fits/M87/week/2024-04-29_2024-05-05/fit.log
M87,week,2024-05-06_2024-05-12,60439.50000000,2024-05-06,2024-05-12,1,2.6,3.0,0.01564,0.03663,1e-12,1.56400000e-14,3.66300000e-14,0.21,OK,OK,,/eos/user/l/liushijie/Skymap/2021-03-08_2026-03-29_week/Loop165_2024-05-06_2024-05-12.root,/home/lhaaso/liushijie/QPO/JOBs_flux_strict_agn_week/fits/M87/week/2024-05-06_2024-05-12/out/ParRes.yaml,/home/lhaaso/liushijie/QPO/JOBs_flux_strict_agn_week/fits/M87/week/2024-05-06_2024-05-12/fit.log
M87,week,2024-05-13_2024-05-19,60446.50000000,2024-05-13,2024-05-19,1,2.6,3.0,0.02028,0.03693,1e-12,2.02800000e-14,3.69300000e-14,0.35,OK,OK,,/eos/user/l/liushijie/Skymap/2021-03-08_2026-03-29_week/Loop166_2024-05-13_2024-05-19.root,/home/lhaaso/liushijie/QPO/JOBs_flux_strict_agn_week/fits/M87/week/2024-05-13_2024-05-19/out/ParRes.yaml,/home/lhaaso/liushijie/QPO/JOBs_flux_strict_agn_week/fits/M87/week/2024-05-13_2024-05-19/fit.log
M87,week,2024-05-20_2024-05-26,60453.50000000,2024-05-20,2024-05-26,1,2.6,3.0,0,0.04076,1e-12,0.00000000e+00,4.07600000e-14,-0,OK,OK,,/eos/user/l/liushijie/Skymap/2021-03-08_2026-03-29_week/Loop167_2024-05-20_2024-05-26.root,/home/lhaaso/liushijie/QPO/JOBs_flux_strict_agn_week/fits/M87/week/2024-05-20_2024-05-26/out/ParRes.yaml,/home/lhaaso/liushijie/QPO/JOBs_flux_strict_agn_week/fits/M87/week/2024-05-20_2024-05-26/fit.log
M87,week,2024-05-27_2024-06-02,60460.50000000,2024-05-27,2024-06-02,1,2.6,3.0,0.01312,0.05935,1e-12,1.31200000e-14,5.93500000e-14,0.06,OK,OK,,/eos/user/l/liushijie/Skymap/2021-03-08_2026-03-29_week/Loop168_2024-05-27_2024-06-02.root,/home/lhaaso/liushijie/QPO/JOBs_flux_strict_agn_week/fits/M87/week/2024-05-27_2024-06-02/out/ParRes.yaml,/home/lhaaso/liushijie/QPO/JOBs_flux_strict_agn_week/fits/M87/week/2024-05-27_2024-06-02/fit.log
M87,week,2024-06-03_2024-06-09,60467.50000000,2024-06-03,2024-06-09,1,2.6,3.0,0.00769,0.05136,1e-12,7.69000000e-15,5.13600000e-14,0.04,OK,OK,,/eos/user/l/liushijie/Skymap/2021-03-08_2026-03-29_week/Loop169_2024-06-03_2024-06-09.root,/home/lhaaso/liushijie/QPO/JOBs_flux_strict_agn_week/fits/M87/week/2024-06-03_2024-06-09/out/ParRes.yaml,/home/lhaaso/liushijie/QPO/JOBs_flux_strict_agn_week/fits/M87/week/2024-06-03_2024-06-09/fit.log
M87,week,2024-06-10_2024-06-16,60474.50000000,2024-06-10,2024-06-16,1,2.6,3.0,0.05962,0.04097,1e-12,5.96200000e-14,4.09700000e-14,2.83,OK,OK,,/eos/user/l/liushijie/Skymap/2021-03-08_2026-03-29_week/Loop170_2024-06-10_2024-06-16.root,/home/lhaaso/liushijie/QPO/JOBs_flux_strict_agn_week/fits/M87/week/2024-06-10_2024-06-16/out/ParRes.yaml,/home/lhaaso/liushijie/QPO/JOBs_flux_strict_agn_week/fits/M87/week/2024-06-10_2024-06-16/fit.log
M87,week,2024-06-17_2024-06-23,60481.50000000,2024-06-17,2024-06-23,1,2.6,3.0,0,0.21803,1e-12,0.00000000e+00,2.18030000e-13,-0,OK,OK,,/eos/user/l/liushijie/Skymap/2021-03-08_2026-03-29_week/Loop171_2024-06-17_2024-06-23.root,/home/lhaaso/liushijie/QPO/JOBs_flux_strict_agn_week/fits/M87/week/2024-06-17_2024-06-23/out/ParRes.yaml,/home/lhaaso/liushijie/QPO/JOBs_flux_strict_agn_week/fits/M87/week/2024-06-17_2024-06-23/fit.log
M87,week,2024-06-24_2024-06-30,60488.50000000,2024-06-24,2024-06-30,1,2.6,3.0,0,0.01534,1e-12,0.00000000e+00,1.53400000e-14,-0,OK,OK,,/eos/user/l/liushijie/Skymap/2021-03-08_2026-03-29_week/Loop172_2024-06-24_2024-06-30.root,/home/lhaaso/liushijie/QPO/JOBs_flux_strict_agn_week/fits/M87/week/2024-06-24_2024-06-30/out/ParRes.yaml,/home/lhaaso/liushijie/QPO/JOBs_flux_strict_agn_week/fits/M87/week/2024-06-24_2024-06-30/fit.log
M87,week,2024-07-01_2024-07-07,60495.50000000,2024-07-01,2024-07-07,1,2.6,3.0,0.04438,0.04536,1e-12,4.43800000e-14,4.53600000e-14,1.09,OK,OK,,/eos/user/l/liushijie/Skymap/2021-03-08_2026-03-29_week/Loop173_2024-07-01_2024-07-07.root,/home/lhaaso/liushijie/QPO/JOBs_flux_strict_agn_week/fits/M87/week/2024-07-01_2024-07-07/out/ParRes.yaml,/home/lhaaso/liushijie/QPO/JOBs_flux_strict_agn_week/fits/M87/week/2024-07-01_2024-07-07/fit.log
M87,week,2024-07-08_2024-07-14,60502.50000000,2024-07-08,2024-07-14,1,2.6,3.0,0.07408,0.06891,1e-12,7.40800000e-14,6.89100000e-14,1.26,OK,OK,,/eos/user/l/liushijie/Skymap/2021-03-08_2026-03-29_week/Loop174_2024-07-08_2024-07-14.root,/home/lhaaso/liushijie/QPO/JOBs_flux_strict_agn_week/fits/M87/week/2024-07-08_2024-07-14/out/ParRes.yaml,/home/lhaaso/liushijie/QPO/JOBs_flux_strict_agn_week/fits/M87/week/2024-07-08_2024-07-14/fit.log
M87,week,2024-07-15_2024-07-21,60509.50000000,2024-07-15,2024-07-21,1,2.6,3.0,0.01679,0.04801,1e-12,1.67900000e-14,4.80100000e-14,0.13,OK,OK,,/eos/user/l/liushijie/Skymap/2021-03-08_2026-03-29_week/Loop175_2024-07-15_2024-07-21.root,/home/lhaaso/liushijie/QPO/JOBs_flux_strict_agn_week/fits/M87/week/2024-07-15_2024-07-21/out/ParRes.yaml,/home/lhaaso/liushijie/QPO/JOBs_flux_strict_agn_week/fits/M87/week/2024-07-15_2024-07-21/fit.log
M87,week,2024-07-22_2024-07-28,60516.50000000,2024-07-22,2024-07-28,1,2.6,3.0,0.02408,0.04389,1e-12,2.40800000e-14,4.38900000e-14,0.33,OK,OK,,/eos/user/l/liushijie/Skymap/2021-03-08_2026-03-29_week/Loop176_2024-07-22_2024-07-28.root,/home/lhaaso/liushijie/QPO/JOBs_flux_strict_agn_week/fits/M87/week/2024-07-22_2024-07-28/out/ParRes.yaml,/home/lhaaso/liushijie/QPO/JOBs_flux_strict_agn_week/fits/M87/week/2024-07-22_2024-07-28/fit.log
M87,week,2024-07-29_2024-08-04,60523.50000000,2024-07-29,2024-08-04,1,2.6,3.0,0.04051,0.07009,1e-12,4.05100000e-14,7.00900000e-14,0.37,OK,OK,,/eos/user/l/liushijie/Skymap/2021-03-08_2026-03-29_week/Loop177_2024-07-29_2024-08-04.root,/home/lhaaso/liushijie/QPO/JOBs_flux_strict_agn_week/fits/M87/week/2024-07-29_2024-08-04/out/ParRes.yaml,/home/lhaaso/liushijie/QPO/JOBs_flux_strict_agn_week/fits/M87/week/2024-07-29_2024-08-04/fit.log
M87,week,2024-08-05_2024-08-11,60530.50000000,2024-08-05,2024-08-11,1,2.6,3.0,0,0.04929,1e-12,0.00000000e+00,4.92900000e-14,-0,OK,OK,,/eos/user/l/liushijie/Skymap/2021-03-08_2026-03-29_week/Loop178_2024-08-05_2024-08-11.root,/home/lhaaso/liushijie/QPO/JOBs_flux_strict_agn_week/fits/M87/week/2024-08-05_2024-08-11/out/ParRes.yaml,/home/lhaaso/liushijie/QPO/JOBs_flux_strict_agn_week/fits/M87/week/2024-08-05_2024-08-11/fit.log
M87,week,2024-08-12_2024-08-18,60537.50000000,2024-08-12,2024-08-18,1,2.6,3.0,0,0.0122,1e-12,0.00000000e+00,1.22000000e-14,-0,OK,OK,,/eos/user/l/liushijie/Skymap/2021-03-08_2026-03-29_week/Loop179_2024-08-12_2024-08-18.root,/home/lhaaso/liushijie/QPO/JOBs_flux_strict_agn_week/fits/M87/week/2024-08-12_2024-08-18/out/ParRes.yaml,/home/lhaaso/liushijie/QPO/JOBs_flux_strict_agn_week/fits/M87/week/2024-08-12_2024-08-18/fit.log
M87,week,2024-08-19_2024-08-25,60544.50000000,2024-08-19,2024-08-25,1,2.6,3.0,0.0001,0.30838,1e-12,1.00000000e-16,3.08380000e-13,-0,OK,OK,,/eos/user/l/liushijie/Skymap/2021-03-08_2026-03-29_week/Loop180_2024-08-19_2024-08-25.root,/home/lhaaso/liushijie/QPO/JOBs_flux_strict_agn_week/fits/M87/week/2024-08-19_2024-08-25/out/ParRes.yaml,/home/lhaaso/liushijie/QPO/JOBs_flux_strict_agn_week/fits/M87/week/2024-08-19_2024-08-25/fit.log
M87,week,2024-08-26_2024-09-01,60551.50000000,2024-08-26,2024-09-01,1,2.6,3.0,0.06273,0.0453,1e-12,6.27300000e-14,4.53000000e-14,2.4,OK,OK,,/eos/user/l/liushijie/Skymap/2021-03-08_2026-03-29_week/Loop181_2024-08-26_2024-09-01.root,/home/lhaaso/liushijie/QPO/JOBs_flux_strict_agn_week/fits/M87/week/2024-08-26_2024-09-01/out/ParRes.yaml,/home/lhaaso/liushijie/QPO/JOBs_flux_strict_agn_week/fits/M87/week/2024-08-26_2024-09-01/fit.log
M87,week,2024-09-02_2024-09-08,60558.50000000,2024-09-02,2024-09-08,1,2.6,3.0,0,0.01567,1e-12,0.00000000e+00,1.56700000e-14,-0,OK,OK,,/eos/user/l/liushijie/Skymap/2021-03-08_2026-03-29_week/Loop182_2024-09-02_2024-09-08.root,/home/lhaaso/liushijie/QPO/JOBs_flux_strict_agn_week/fits/M87/week/2024-09-02_2024-09-08/out/ParRes.yaml,/home/lhaaso/liushijie/QPO/JOBs_flux_strict_agn_week/fits/M87/week/2024-09-02_2024-09-08/fit.log
M87,week,2024-09-09_2024-09-15,60565.50000000,2024-09-09,2024-09-15,1,2.6,3.0,0.10856,0.05075,1e-12,1.08560000e-13,5.07500000e-14,5.59,OK,OK,,/eos/user/l/liushijie/Skymap/2021-03-08_2026-03-29_week/Loop183_2024-09-09_2024-09-15.root,/home/lhaaso/liushijie/QPO/JOBs_flux_strict_agn_week/fits/M87/week/2024-09-09_2024-09-15/out/ParRes.yaml,/home/lhaaso/liushijie/QPO/JOBs_flux_strict_agn_week/fits/M87/week/2024-09-09_2024-09-15/fit.log
M87,week,2024-09-16_2024-09-22,60572.50000000,2024-09-16,2024-09-22,1,2.6,3.0,0.00034,0.32009,1e-12,3.40000000e-16,3.20090000e-13,0,OK,OK,,/eos/user/l/liushijie/Skymap/2021-03-08_2026-03-29_week/Loop184_2024-09-16_2024-09-22.root,/home/lhaaso/liushijie/QPO/JOBs_flux_strict_agn_week/fits/M87/week/2024-09-16_2024-09-22/out/ParRes.yaml,/home/lhaaso/liushijie/QPO/JOBs_flux_strict_agn_week/fits/M87/week/2024-09-16_2024-09-22/fit.log
M87,week,2024-09-23_2024-09-29,60579.50000000,2024-09-23,2024-09-29,1,2.6,3.0,0,0.03304,1e-12,0.00000000e+00,3.30400000e-14,-0,OK,OK,,/eos/user/l/liushijie/Skymap/2021-03-08_2026-03-29_week/Loop185_2024-09-23_2024-09-29.root,/home/lhaaso/liushijie/QPO/JOBs_flux_strict_agn_week/fits/M87/week/2024-09-23_2024-09-29/out/ParRes.yaml,/home/lhaaso/liushijie/QPO/JOBs_flux_strict_agn_week/fits/M87/week/2024-09-23_2024-09-29/fit.log
M87,week,2024-09-30_2024-10-06,60586.50000000,2024-09-30,2024-10-06,1,2.6,3.0,0.03576,0.04615,1e-12,3.57600000e-14,4.61500000e-14,0.66,OK,OK,,/eos/user/l/liushijie/Skymap/2021-03-08_2026-03-29_week/Loop186_2024-09-30_2024-10-06.root,/home/lhaaso/liushijie/QPO/JOBs_flux_strict_agn_week/fits/M87/week/2024-09-30_2024-10-06/out/ParRes.yaml,/home/lhaaso/liushijie/QPO/JOBs_flux_strict_agn_week/fits/M87/week/2024-09-30_2024-10-06/fit.log
M87,week,2024-10-07_2024-10-13,60593.50000000,2024-10-07,2024-10-13,1,2.6,3.0,0.01404,0.04456,1e-12,1.40400000e-14,4.45600000e-14,0.1,OK,OK,,/eos/user/l/liushijie/Skymap/2021-03-08_2026-03-29_week/Loop187_2024-10-07_2024-10-13.root,/home/lhaaso/liushijie/QPO/JOBs_flux_strict_agn_week/fits/M87/week/2024-10-07_2024-10-13/out/ParRes.yaml,/home/lhaaso/liushijie/QPO/JOBs_flux_strict_agn_week/fits/M87/week/2024-10-07_2024-10-13/fit.log
M87,week,2024-10-14_2024-10-20,60600.50000000,2024-10-14,2024-10-20,1,2.6,3.0,0.04822,0.04071,1e-12,4.82200000e-14,4.07100000e-14,1.84,OK,OK,,/eos/user/l/liushijie/Skymap/2021-03-08_2026-03-29_week/Loop188_2024-10-14_2024-10-20.root,/home/lhaaso/liushijie/QPO/JOBs_flux_strict_agn_week/fits/M87/week/2024-10-14_2024-10-20/out/ParRes.yaml,/home/lhaaso/liushijie/QPO/JOBs_flux_strict_agn_week/fits/M87/week/2024-10-14_2024-10-20/fit.log
M87,week,2024-10-21_2024-10-27,60607.50000000,2024-10-21,2024-10-27,1,2.6,3.0,0.0589,0.04303,1e-12,5.89000000e-14,4.30300000e-14,2.44,OK,OK,,/eos/user/l/liushijie/Skymap/2021-03-08_2026-03-29_week/Loop189_2024-10-21_2024-10-27.root,/home/lhaaso/liushijie/QPO/JOBs_flux_strict_agn_week/fits/M87/week/2024-10-21_2024-10-27/out/ParRes.yaml,/home/lhaaso/liushijie/QPO/JOBs_flux_strict_agn_week/fits/M87/week/2024-10-21_2024-10-27/fit.log
M87,week,2024-10-28_2024-11-03,60614.50000000,2024-10-28,2024-11-03,1,2.6,3.0,0,0.01039,1e-12,0.00000000e+00,1.03900000e-14,-0,OK,OK,,/eos/user/l/liushijie/Skymap/2021-03-08_2026-03-29_week/Loop190_2024-10-28_2024-11-03.root,/home/lhaaso/liushijie/QPO/JOBs_flux_strict_agn_week/fits/M87/week/2024-10-28_2024-11-03/out/ParRes.yaml,/home/lhaaso/liushijie/QPO/JOBs_flux_strict_agn_week/fits/M87/week/2024-10-28_2024-11-03/fit.log
M87,week,2024-11-04_2024-11-10,60621.50000000,2024-11-04,2024-11-10,1,2.6,3.0,0,0.01716,1e-12,0.00000000e+00,1.71600000e-14,-0,OK,OK,,/eos/user/l/liushijie/Skymap/2021-03-08_2026-03-29_week/Loop191_2024-11-04_2024-11-10.root,/home/lhaaso/liushijie/QPO/JOBs_flux_strict_agn_week/fits/M87/week/2024-11-04_2024-11-10/out/ParRes.yaml,/home/lhaaso/liushijie/QPO/JOBs_flux_strict_agn_week/fits/M87/week/2024-11-04_2024-11-10/fit.log
M87,week,2024-11-11_2024-11-17,60628.50000000,2024-11-11,2024-11-17,1,2.6,3.0,0,0.0405,1e-12,0.00000000e+00,4.05000000e-14,-0,OK,OK,,/eos/user/l/liushijie/Skymap/2021-03-08_2026-03-29_week/Loop192_2024-11-11_2024-11-17.root,/home/lhaaso/liushijie/QPO/JOBs_flux_strict_agn_week/fits/M87/week/2024-11-11_2024-11-17/out/ParRes.yaml,/home/lhaaso/liushijie/QPO/JOBs_flux_strict_agn_week/fits/M87/week/2024-11-11_2024-11-17/fit.log
M87,week,2024-11-18_2024-11-24,60635.50000000,2024-11-18,2024-11-24,1,2.6,3.0,0.10988,0.05115,1e-12,1.09880000e-13,5.11500000e-14,5.87,OK,OK,,/eos/user/l/liushijie/Skymap/2021-03-08_2026-03-29_week/Loop193_2024-11-18_2024-11-24.root,/home/lhaaso/liushijie/QPO/JOBs_flux_strict_agn_week/fits/M87/week/2024-11-18_2024-11-24/out/ParRes.yaml,/home/lhaaso/liushijie/QPO/JOBs_flux_strict_agn_week/fits/M87/week/2024-11-18_2024-11-24/fit.log
M87,week,2024-11-25_2024-12-01,60642.50000000,2024-11-25,2024-12-01,1,2.6,3.0,0.02454,0.04107,1e-12,2.45400000e-14,4.10700000e-14,0.41,OK,OK,,/eos/user/l/liushijie/Skymap/2021-03-08_2026-03-29_week/Loop194_2024-11-25_2024-12-01.root,/home/lhaaso/liushijie/QPO/JOBs_flux_strict_agn_week/fits/M87/week/2024-11-25_2024-12-01/out/ParRes.yaml,/home/lhaaso/liushijie/QPO/JOBs_flux_strict_agn_week/fits/M87/week/2024-11-25_2024-12-01/fit.log
M87,week,2024-12-02_2024-12-08,60649.50000000,2024-12-02,2024-12-08,1,2.6,3.0,0.0415,0.0415,1e-12,4.15000000e-14,4.15000000e-14,1.22,OK,OK,,/eos/user/l/liushijie/Skymap/2021-03-08_2026-03-29_week/Loop195_2024-12-02_2024-12-08.root,/home/lhaaso/liushijie/QPO/JOBs_flux_strict_agn_week/fits/M87/week/2024-12-02_2024-12-08/out/ParRes.yaml,/home/lhaaso/liushijie/QPO/JOBs_flux_strict_agn_week/fits/M87/week/2024-12-02_2024-12-08/fit.log
M87,week,2024-12-09_2024-12-15,60656.50000000,2024-12-09,2024-12-15,1,2.6,3.0,0.04997,0.05854,1e-12,4.99700000e-14,5.85400000e-14,0.94,OK,OK,,/eos/user/l/liushijie/Skymap/2021-03-08_2026-03-29_week/Loop196_2024-12-09_2024-12-15.root,/home/lhaaso/liushijie/QPO/JOBs_flux_strict_agn_week/fits/M87/week/2024-12-09_2024-12-15/out/ParRes.yaml,/home/lhaaso/liushijie/QPO/JOBs_flux_strict_agn_week/fits/M87/week/2024-12-09_2024-12-15/fit.log
M87,week,2024-12-16_2024-12-22,60663.50000000,2024-12-16,2024-12-22,1,2.6,3.0,0.0512,0.04758,1e-12,5.12000000e-14,4.75800000e-14,1.4,OK,OK,,/eos/user/l/liushijie/Skymap/2021-03-08_2026-03-29_week/Loop197_2024-12-16_2024-12-22.root,/home/lhaaso/liushijie/QPO/JOBs_flux_strict_agn_week/fits/M87/week/2024-12-16_2024-12-22/out/ParRes.yaml,/home/lhaaso/liushijie/QPO/JOBs_flux_strict_agn_week/fits/M87/week/2024-12-16_2024-12-22/fit.log
M87,week,2024-12-23_2024-12-29,60670.50000000,2024-12-23,2024-12-29,1,2.6,3.0,0.09502,0.05816,1e-12,9.50200000e-14,5.81600000e-14,3,OK,OK,,/eos/user/l/liushijie/Skymap/2021-03-08_2026-03-29_week/Loop198_2024-12-23_2024-12-29.root,/home/lhaaso/liushijie/QPO/JOBs_flux_strict_agn_week/fits/M87/week/2024-12-23_2024-12-29/out/ParRes.yaml,/home/lhaaso/liushijie/QPO/JOBs_flux_strict_agn_week/fits/M87/week/2024-12-23_2024-12-29/fit.log
M87,week,2024-12-30_2025-01-05,60677.50000000,2024-12-30,2025-01-05,1,2.6,3.0,0,0.01474,1e-12,0.00000000e+00,1.47400000e-14,-0,OK,OK,,/eos/user/l/liushijie/Skymap/2021-03-08_2026-03-29_week/Loop199_2024-12-30_2025-01-05.root,/home/lhaaso/liushijie/QPO/JOBs_flux_strict_agn_week/fits/M87/week/2024-12-30_2025-01-05/out/ParRes.yaml,/home/lhaaso/liushijie/QPO/JOBs_flux_strict_agn_week/fits/M87/week/2024-12-30_2025-01-05/fit.log
M87,week,2025-01-06_2025-01-12,60684.50000000,2025-01-06,2025-01-12,1,2.6,3.0,0.0026,0.04991,1e-12,2.60000000e-15,4.99100000e-14,0.01,OK,OK,,/eos/user/l/liushijie/Skymap/2021-03-08_2026-03-29_week/Loop200_2025-01-06_2025-01-12.root,/home/lhaaso/liushijie/QPO/JOBs_flux_strict_agn_week/fits/M87/week/2025-01-06_2025-01-12/out/ParRes.yaml,/home/lhaaso/liushijie/QPO/JOBs_flux_strict_agn_week/fits/M87/week/2025-01-06_2025-01-12/fit.log
M87,week,2025-01-13_2025-01-19,60691.50000000,2025-01-13,2025-01-19,1,2.6,3.0,0.04787,0.04994,1e-12,4.78700000e-14,4.99400000e-14,1.01,OK,OK,,/eos/user/l/liushijie/Skymap/2021-03-08_2026-03-29_week/Loop201_2025-01-13_2025-01-19.root,/home/lhaaso/liushijie/QPO/JOBs_flux_strict_agn_week/fits/M87/week/2025-01-13_2025-01-19/out/ParRes.yaml,/home/lhaaso/liushijie/QPO/JOBs_flux_strict_agn_week/fits/M87/week/2025-01-13_2025-01-19/fit.log
M87,week,2025-01-20_2025-01-26,60698.50000000,2025-01-20,2025-01-26,1,2.6,3.0,0.07914,0.05144,1e-12,7.91400000e-14,5.14400000e-14,2.75,OK,OK,,/eos/user/l/liushijie/Skymap/2021-03-08_2026-03-29_week/Loop202_2025-01-20_2025-01-26.root,/home/lhaaso/liushijie/QPO/JOBs_flux_strict_agn_week/fits/M87/week/2025-01-20_2025-01-26/out/ParRes.yaml,/home/lhaaso/liushijie/QPO/JOBs_flux_strict_agn_week/fits/M87/week/2025-01-20_2025-01-26/fit.log
M87,week,2025-01-27_2025-02-02,60705.50000000,2025-01-27,2025-02-02,1,2.6,3.0,0.00102,0.20632,1e-12,1.02000000e-15,2.06320000e-13,0,OK,OK,,/eos/user/l/liushijie/Skymap/2021-03-08_2026-03-29_week/Loop203_2025-01-27_2025-02-02.root,/home/lhaaso/liushijie/QPO/JOBs_flux_strict_agn_week/fits/M87/week/2025-01-27_2025-02-02/out/ParRes.yaml,/home/lhaaso/liushijie/QPO/JOBs_flux_strict_agn_week/fits/M87/week/2025-01-27_2025-02-02/fit.log
M87,week,2025-02-03_2025-02-09,60712.50000000,2025-02-03,2025-02-09,1,2.6,3.0,0,0.19535,1e-12,0.00000000e+00,1.95350000e-13,-0,OK,OK,,/eos/user/l/liushijie/Skymap/2021-03-08_2026-03-29_week/Loop204_2025-02-03_2025-02-09.root,/home/lhaaso/liushijie/QPO/JOBs_flux_strict_agn_week/fits/M87/week/2025-02-03_2025-02-09/out/ParRes.yaml,/home/lhaaso/liushijie/QPO/JOBs_flux_strict_agn_week/fits/M87/week/2025-02-03_2025-02-09/fit.log
M87,week,2025-02-10_2025-02-16,60719.50000000,2025-02-10,2025-02-16,1,2.6,3.0,0,0.03902,1e-12,0.00000000e+00,3.90200000e-14,-0,OK,OK,,/eos/user/l/liushijie/Skymap/2021-03-08_2026-03-29_week/Loop205_2025-02-10_2025-02-16.root,/home/lhaaso/liushijie/QPO/JOBs_flux_strict_agn_week/fits/M87/week/2025-02-10_2025-02-16/out/ParRes.yaml,/home/lhaaso/liushijie/QPO/JOBs_flux_strict_agn_week/fits/M87/week/2025-02-10_2025-02-16/fit.log
M87,week,2025-02-17_2025-02-23,60726.50000000,2025-02-17,2025-02-23,1,2.6,3.0,0.03667,0.05133,1e-12,3.66700000e-14,5.13300000e-14,0.57,OK,OK,,/eos/user/l/liushijie/Skymap/2021-03-08_2026-03-29_week/Loop206_2025-02-17_2025-02-23.root,/home/lhaaso/liushijie/QPO/JOBs_flux_strict_agn_week/fits/M87/week/2025-02-17_2025-02-23/out/ParRes.yaml,/home/lhaaso/liushijie/QPO/JOBs_flux_strict_agn_week/fits/M87/week/2025-02-17_2025-02-23/fit.log
M87,week,2025-02-24_2025-03-02,60733.50000000,2025-02-24,2025-03-02,1,2.6,3.0,1e-05,0.07014,1e-12,1.00000000e-17,7.01400000e-14,-0,OK,OK,,/eos/user/l/liushijie/Skymap/2021-03-08_2026-03-29_week/Loop207_2025-02-24_2025-03-02.root,/home/lhaaso/liushijie/QPO/JOBs_flux_strict_agn_week/fits/M87/week/2025-02-24_2025-03-02/out/ParRes.yaml,/home/lhaaso/liushijie/QPO/JOBs_flux_strict_agn_week/fits/M87/week/2025-02-24_2025-03-02/fit.log
M87,week,2025-03-03_2025-03-09,60740.50000000,2025-03-03,2025-03-09,1,2.6,3.0,0,0.018,1e-12,0.00000000e+00,1.80000000e-14,-0,OK,OK,,/eos/user/l/liushijie/Skymap/2021-03-08_2026-03-29_week/Loop208_2025-03-03_2025-03-09.root,/home/lhaaso/liushijie/QPO/JOBs_flux_strict_agn_week/fits/M87/week/2025-03-03_2025-03-09/out/ParRes.yaml,/home/lhaaso/liushijie/QPO/JOBs_flux_strict_agn_week/fits/M87/week/2025-03-03_2025-03-09/fit.log
M87,week,2025-03-10_2025-03-16,60747.50000000,2025-03-10,2025-03-16,1,2.6,3.0,0.05892,0.04673,1e-12,5.89200000e-14,4.67300000e-14,1.98,OK,OK,,/eos/user/l/liushijie/Skymap/2021-03-08_2026-03-29_week/Loop209_2025-03-10_2025-03-16.root,/home/lhaaso/liushijie/QPO/JOBs_flux_strict_agn_week/fits/M87/week/2025-03-10_2025-03-16/out/ParRes.yaml,/home/lhaaso/liushijie/QPO/JOBs_flux_strict_agn_week/fits/M87/week/2025-03-10_2025-03-16/fit.log
M87,week,2025-03-17_2025-03-23,60754.50000000,2025-03-17,2025-03-23,1,2.6,3.0,0,0.0385,1e-12,0.00000000e+00,3.85000000e-14,-0,OK,OK,,/eos/user/l/liushijie/Skymap/2021-03-08_2026-03-29_week/Loop210_2025-03-17_2025-03-23.root,/home/lhaaso/liushijie/QPO/JOBs_flux_strict_agn_week/fits/M87/week/2025-03-17_2025-03-23/out/ParRes.yaml,/home/lhaaso/liushijie/QPO/JOBs_flux_strict_agn_week/fits/M87/week/2025-03-17_2025-03-23/fit.log
M87,week,2025-03-24_2025-03-30,60761.50000000,2025-03-24,2025-03-30,1,2.6,3.0,0,0.11912,1e-12,0.00000000e+00,1.19120000e-13,-0,OK,OK,,/eos/user/l/liushijie/Skymap/2021-03-08_2026-03-29_week/Loop211_2025-03-24_2025-03-30.root,/home/lhaaso/liushijie/QPO/JOBs_flux_strict_agn_week/fits/M87/week/2025-03-24_2025-03-30/out/ParRes.yaml,/home/lhaaso/liushijie/QPO/JOBs_flux_strict_agn_week/fits/M87/week/2025-03-24_2025-03-30/fit.log
M87,week,2025-03-31_2025-04-06,60768.50000000,2025-03-31,2025-04-06,1,2.6,3.0,0.06219,0.04699,1e-12,6.21900000e-14,4.69900000e-14,2.18,OK,OK,,/eos/user/l/liushijie/Skymap/2021-03-08_2026-03-29_week/Loop212_2025-03-31_2025-04-06.root,/home/lhaaso/liushijie/QPO/JOBs_flux_strict_agn_week/fits/M87/week/2025-03-31_2025-04-06/out/ParRes.yaml,/home/lhaaso/liushijie/QPO/JOBs_flux_strict_agn_week/fits/M87/week/2025-03-31_2025-04-06/fit.log
M87,week,2025-04-07_2025-04-13,60775.50000000,2025-04-07,2025-04-13,1,2.6,3.0,0,0.01738,1e-12,0.00000000e+00,1.73800000e-14,-0,OK,OK,,/eos/user/l/liushijie/Skymap/2021-03-08_2026-03-29_week/Loop213_2025-04-07_2025-04-13.root,/home/lhaaso/liushijie/QPO/JOBs_flux_strict_agn_week/fits/M87/week/2025-04-07_2025-04-13/out/ParRes.yaml,/home/lhaaso/liushijie/QPO/JOBs_flux_strict_agn_week/fits/M87/week/2025-04-07_2025-04-13/fit.log
M87,week,2025-04-14_2025-04-20,60782.50000000,2025-04-14,2025-04-20,1,2.6,3.0,0,0.01257,1e-12,0.00000000e+00,1.25700000e-14,-0,OK,OK,,/eos/user/l/liushijie/Skymap/2021-03-08_2026-03-29_week/Loop214_2025-04-14_2025-04-20.root,/home/lhaaso/liushijie/QPO/JOBs_flux_strict_agn_week/fits/M87/week/2025-04-14_2025-04-20/out/ParRes.yaml,/home/lhaaso/liushijie/QPO/JOBs_flux_strict_agn_week/fits/M87/week/2025-04-14_2025-04-20/fit.log
M87,week,2025-04-21_2025-04-27,60789.50000000,2025-04-21,2025-04-27,1,2.6,3.0,0.00851,0.05005,1e-12,8.51000000e-15,5.00500000e-14,0.04,OK,OK,,/eos/user/l/liushijie/Skymap/2021-03-08_2026-03-29_week/Loop215_2025-04-21_2025-04-27.root,/home/lhaaso/liushijie/QPO/JOBs_flux_strict_agn_week/fits/M87/week/2025-04-21_2025-04-27/out/ParRes.yaml,/home/lhaaso/liushijie/QPO/JOBs_flux_strict_agn_week/fits/M87/week/2025-04-21_2025-04-27/fit.log
M87,week,2025-04-28_2025-05-04,60796.50000000,2025-04-28,2025-05-04,1,2.6,3.0,0,0.02164,1e-12,0.00000000e+00,2.16400000e-14,-0,OK,OK,,/eos/user/l/liushijie/Skymap/2021-03-08_2026-03-29_week/Loop216_2025-04-28_2025-05-04.root,/home/lhaaso/liushijie/QPO/JOBs_flux_strict_agn_week/fits/M87/week/2025-04-28_2025-05-04/out/ParRes.yaml,/home/lhaaso/liushijie/QPO/JOBs_flux_strict_agn_week/fits/M87/week/2025-04-28_2025-05-04/fit.log
M87,week,2025-05-05_2025-05-11,60803.50000000,2025-05-05,2025-05-11,1,2.6,3.0,0.09528,0.04793,1e-12,9.52800000e-14,4.79300000e-14,5.62,OK,OK,,/eos/user/l/liushijie/Skymap/2021-03-08_2026-03-29_week/Loop217_2025-05-05_2025-05-11.root,/home/lhaaso/liushijie/QPO/JOBs_flux_strict_agn_week/fits/M87/week/2025-05-05_2025-05-11/out/ParRes.yaml,/home/lhaaso/liushijie/QPO/JOBs_flux_strict_agn_week/fits/M87/week/2025-05-05_2025-05-11/fit.log
M87,week,2025-05-12_2025-05-18,60810.50000000,2025-05-12,2025-05-18,1,2.6,3.0,0.07859,0.04553,1e-12,7.85900000e-14,4.55300000e-14,4.08,OK,OK,,/eos/user/l/liushijie/Skymap/2021-03-08_2026-03-29_week/Loop218_2025-05-12_2025-05-18.root,/home/lhaaso/liushijie/QPO/JOBs_flux_strict_agn_week/fits/M87/week/2025-05-12_2025-05-18/out/ParRes.yaml,/home/lhaaso/liushijie/QPO/JOBs_flux_strict_agn_week/fits/M87/week/2025-05-12_2025-05-18/fit.log
M87,week,2025-05-19_2025-05-25,60817.50000000,2025-05-19,2025-05-25,1,2.6,3.0,0.01838,0.03696,1e-12,1.83800000e-14,3.69600000e-14,0.28,OK,OK,,/eos/user/l/liushijie/Skymap/2021-03-08_2026-03-29_week/Loop219_2025-05-19_2025-05-25.root,/home/lhaaso/liushijie/QPO/JOBs_flux_strict_agn_week/fits/M87/week/2025-05-19_2025-05-25/out/ParRes.yaml,/home/lhaaso/liushijie/QPO/JOBs_flux_strict_agn_week/fits/M87/week/2025-05-19_2025-05-25/fit.log
M87,week,2025-05-26_2025-06-01,60824.50000000,2025-05-26,2025-06-01,1,2.6,3.0,0.07719,0.0532,1e-12,7.71900000e-14,5.32000000e-14,2.37,OK,OK,,/eos/user/l/liushijie/Skymap/2021-03-08_2026-03-29_week/Loop220_2025-05-26_2025-06-01.root,/home/lhaaso/liushijie/QPO/JOBs_flux_strict_agn_week/fits/M87/week/2025-05-26_2025-06-01/out/ParRes.yaml,/home/lhaaso/liushijie/QPO/JOBs_flux_strict_agn_week/fits/M87/week/2025-05-26_2025-06-01/fit.log
M87,week,2025-06-02_2025-06-08,60831.50000000,2025-06-02,2025-06-08,1,2.6,3.0,0.0399,0.03767,1e-12,3.99000000e-14,3.76700000e-14,1.62,OK,OK,,/eos/user/l/liushijie/Skymap/2021-03-08_2026-03-29_week/Loop221_2025-06-02_2025-06-08.root,/home/lhaaso/liushijie/QPO/JOBs_flux_strict_agn_week/fits/M87/week/2025-06-02_2025-06-08/out/ParRes.yaml,/home/lhaaso/liushijie/QPO/JOBs_flux_strict_agn_week/fits/M87/week/2025-06-02_2025-06-08/fit.log
M87,week,2025-06-09_2025-06-15,60838.50000000,2025-06-09,2025-06-15,1,2.6,3.0,0.0674,0.04797,1e-12,6.74000000e-14,4.79700000e-14,2.28,OK,OK,,/eos/user/l/liushijie/Skymap/2021-03-08_2026-03-29_week/Loop222_2025-06-09_2025-06-15.root,/home/lhaaso/liushijie/QPO/JOBs_flux_strict_agn_week/fits/M87/week/2025-06-09_2025-06-15/out/ParRes.yaml,/home/lhaaso/liushijie/QPO/JOBs_flux_strict_agn_week/fits/M87/week/2025-06-09_2025-06-15/fit.log
M87,week,2025-06-16_2025-06-22,60845.50000000,2025-06-16,2025-06-22,1,2.6,3.0,0,0.11901,1e-12,0.00000000e+00,1.19010000e-13,-0,OK,OK,,/eos/user/l/liushijie/Skymap/2021-03-08_2026-03-29_week/Loop223_2025-06-16_2025-06-22.root,/home/lhaaso/liushijie/QPO/JOBs_flux_strict_agn_week/fits/M87/week/2025-06-16_2025-06-22/out/ParRes.yaml,/home/lhaaso/liushijie/QPO/JOBs_flux_strict_agn_week/fits/M87/week/2025-06-16_2025-06-22/fit.log
M87,week,2025-06-23_2025-06-29,60852.50000000,2025-06-23,2025-06-29,1,2.6,3.0,0,0.05707,1e-12,0.00000000e+00,5.70700000e-14,-0,OK,OK,,/eos/user/l/liushijie/Skymap/2021-03-08_2026-03-29_week/Loop224_2025-06-23_2025-06-29.root,/home/lhaaso/liushijie/QPO/JOBs_flux_strict_agn_week/fits/M87/week/2025-06-23_2025-06-29/out/ParRes.yaml,/home/lhaaso/liushijie/QPO/JOBs_flux_strict_agn_week/fits/M87/week/2025-06-23_2025-06-29/fit.log
M87,week,2025-06-30_2025-07-06,60859.50000000,2025-06-30,2025-07-06,1,2.6,3.0,0,0.01485,1e-12,0.00000000e+00,1.48500000e-14,-0,OK,OK,,/eos/user/l/liushijie/Skymap/2021-03-08_2026-03-29_week/Loop225_2025-06-30_2025-07-06.root,/home/lhaaso/liushijie/QPO/JOBs_flux_strict_agn_week/fits/M87/week/2025-06-30_2025-07-06/out/ParRes.yaml,/home/lhaaso/liushijie/QPO/JOBs_flux_strict_agn_week/fits/M87/week/2025-06-30_2025-07-06/fit.log
M87,week,2025-07-07_2025-07-13,60866.50000000,2025-07-07,2025-07-13,1,2.6,3.0,0.01567,0.04708,1e-12,1.56700000e-14,4.70800000e-14,0.11,OK,OK,,/eos/user/l/liushijie/Skymap/2021-03-08_2026-03-29_week/Loop226_2025-07-07_2025-07-13.root,/home/lhaaso/liushijie/QPO/JOBs_flux_strict_agn_week/fits/M87/week/2025-07-07_2025-07-13/out/ParRes.yaml,/home/lhaaso/liushijie/QPO/JOBs_flux_strict_agn_week/fits/M87/week/2025-07-07_2025-07-13/fit.log
M87,week,2025-07-14_2025-07-20,60873.50000000,2025-07-14,2025-07-20,1,2.6,3.0,0.02853,0.0419,1e-12,2.85300000e-14,4.19000000e-14,0.51,OK,OK,,/eos/user/l/liushijie/Skymap/2021-03-08_2026-03-29_week/Loop227_2025-07-14_2025-07-20.root,/home/lhaaso/liushijie/QPO/JOBs_flux_strict_agn_week/fits/M87/week/2025-07-14_2025-07-20/out/ParRes.yaml,/home/lhaaso/liushijie/QPO/JOBs_flux_strict_agn_week/fits/M87/week/2025-07-14_2025-07-20/fit.log
M87,week,2025-07-21_2025-07-27,60880.50000000,2025-07-21,2025-07-27,1,2.6,3.0,0.07829,0.05791,1e-12,7.82900000e-14,5.79100000e-14,2.27,OK,OK,,/eos/user/l/liushijie/Skymap/2021-03-08_2026-03-29_week/Loop228_2025-07-21_2025-07-27.root,/home/lhaaso/liushijie/QPO/JOBs_flux_strict_agn_week/fits/M87/week/2025-07-21_2025-07-27/out/ParRes.yaml,/home/lhaaso/liushijie/QPO/JOBs_flux_strict_agn_week/fits/M87/week/2025-07-21_2025-07-27/fit.log
